pathImg,price,title,hot_line,url,Màn hình,chip,ram,Camera sau,Camera trước,memory,Thẻ nhớ,Hỗ trợ đa sim,producer,Wifi,Danh bạ,Quay phim,Pin
https://cdn1.viettelstore.vn/Images/Product/ProductImage/3106108.jpeg,30.990.000,Samsung Galaxy S22 Ultra 12/256GB,1800.8123,https://viettelstore.vn/dien-thoai/samsung-galaxy-s22-ultra-12-256gb-pid289148.html,"Màn hình 6.8” QHD+ 3088 x 1440, Dynamic AMOLED 2X; Kính cường lực Corning® Gorilla® Glass Victus+®",Chip Snapdragon® 8 Gen 1 (4nm),12GB,"Siêu rộng: 12MP F2.2 (Dual Pixel AF), Chính: 108MP F1.8 (PDAF) OIS; Tele 1: 10MP F2.4 (3X, Dual Pixel AF) OIS; Tele 2: 10MP F4.9 (10X, Dual Pixel AF) OIS; Thu phóng chuẩn không gian 100X",40MP F2.2 (PDAF),256GB,Không hỗ trợ,2 nano sim hoặc 1 nano sim và 1 esim,Android 12,"802.11 a/b/g/n/ac/ax 2.4G+5GHz+6GHz, HE160, MIMO, 1024-QAM",Không giới hạn,UHD 8K (7680 x 4320)@24fps,Pin 5000 mAh | Sạc siêu nhanh 45W (Củ sạc 45W được bán riêng); Sạc không dây 15W | Chia sẻ pin không dây
https://cdn1.viettelstore.vn/Images/Product/ProductImage/1191819824.jpeg,34.990.000,Samsung Galaxy Z Fold3 5G 512GB,1800.8123,https://viettelstore.vn/dien-thoai/samsung-galaxy-z-fold3-5g-512gb-pid287702.html,"Màn hình chính: UDC, 7.6"""" QXGA+, Dynamic AMOLED 2X, 120Hz  Màn hình phụ: 6.2;  HD+, Dynamix AMOLED 2X, 120Hz; Infinity Display: Camera ẩn dưới màn hình",Qualcomm SM8350 Snapdragon 888 (5 nm); Octa-core ,12GB,"Chính (góc rộng): 12MP (2PD), F1.8, OIS; Siêu rộng: 12MP, F2.2, 123°; Bokeh/ Tele: 12MP, F2.4, OIS, 2x Zoom; Quay video	4K@60fps, 1080p@60/240fps (gyro-EIS), 720p@960fps (gyro-EIS), HDR10+; Other/Art/ Macro	Màn hình chính: UDC, 4MP, FF, F1.8","Màn hình phụ:  HID, 10MP, FF, F2.2",512GB,No,2 physical SIM + eSIM Spen (Main Screen only),Android 11,,,"4K@60fps, 1080p@60/240fps (gyro-EIS), 720p@960fps (gyro-EIS), HDR10+",Li-Po 4400 mAh; Fast charging 25W Fast wireless charging 10W 
https://cdn1.viettelstore.vn/Images/Product/ProductImage/746429700.jpeg,8.590.000,Samsung Galaxy A53 5G,1800.8123,https://viettelstore.vn/dien-thoai/samsung-galaxy-a53-5g-pid289195.html,"Super AMOLED 1080 x 2400 6.5"" 120Hz 800 nits",Exynos 1280 8 nhân 2 nhân 2.4GHz & 6 nhân 28GHz ,8GB,"64 + 12 +5 + 5 MP, 4K@30fps, Ban đêm (Night Mode), Bộ lọc màu, Chuyên nghiệp (Pro), Chạm lấy nét, Chống rung quang học (OIS), Góc rộng (Wide), Góc siêu rộng (Ultrawide), HDR, Làm đẹp, Lấy nét theo pha (PDAF), Nhận diện khuôn mặt, Quay chậm (Slow Motion), Quay Siêu chậm (Super Slow Motion), Siêu cận (Macro), Toàn cảnh (Panorama), Trôi nhanh thời gian (Time Lapse), Tự động lấy nét (AF), Xóa phông,  Zoom kỹ thuật số, Làm nét ảnh (Remaster), Xóa đối tượng (Object Eraser), Đèn Flash","32MP Bộ lọc màu, Chụp đêm (Night Mode), Góc rộng (Wide), HDR, Live Photo, Làm đẹp, Nhận diện khuôn mặt, Xóa phông",128GB,MicroSDXC 1TB,1 nano SIM + 1 SIM dùng chung khe thẻ nhớ,Android 12,2.4 + 5 GHz  Wifi a/b/g/n/ac  Wifi Hotspot  Wifi Direct,Không giới hạn,,5000 mAh
https://cdn1.viettelstore.vn/Images/Product/ProductImage/2041574172.jpeg,7.390.000,Samsung Galaxy A33 5G 8/128GB,1800.8123,https://viettelstore.vn/dien-thoai/samsung-galaxy-a33-5g-8-128gb-pid289272.html,"Super AMOLED; 1080 x 2400; 6.4""; 90Hz; 800 nits; Gorilla Glass 5",Exynos 1280; 8 nhân 2 nhân 2.4GHz & 6 nhân 28GHz; Mali-G68,8GB,"48+8+5+2 MP, Quay phim 4K@30fps; Đèn flash, Ban đêm (Night Mode), Bộ lọc màu, Chuyên nghiệp (Pro), Chạm lấy nét, Chống rung quang học (OIS), Góc rộng (Wide), Góc siêu rộng (Ultrawide), HDR, Làm đẹp, Lấy nét theo pha (PDAF), Nhận diện khuôn mặt, Quay chậm (Slow Motion), Quay Siêu chậm (Super Slow Motion), Siêu cận (Macro), Toàn cảnh (Panorama), Trôi nhanh thời gian (Time Lapse), Tự động lấy nét (AF), Xóa phông,  Zoom kỹ thuật số","13MP; Bộ lọc màu, Chụp đêm (Night Mode), Góc rộng (Wide), HDR, Live Photo, Làm đẹp, Nhận diện khuôn mặt, Xóa phông",128GB,MicroSDXC 1TB,1 nano SIM + 1 SIM dùng chung khe thẻ nhớ,Android 12,2.4 + 5 GHz;  Wifi a/b/g/n/ac;  Wifi Hotspot;  Wifi Direct,Không giới hạn,4K@30fps,5000 mAh; Li-Po; Sạc siêu nhanh; Hỗ trợ sạc tối đa 25W
https://cdn1.viettelstore.vn/Images/Product/ProductImage/664640501.jpeg,11.990.000,iPhone SE 2022 64GB,1800.8123,https://viettelstore.vn/dien-thoai/iphone-se-2022-64gb-pid289250.html,"IPS LCD; HD; (750 x 1334 Pixels); 4.7""","Apple A15 Bionic, 6 nhân",3 GB,12 MP- Quay phim:  4K 2160p@24fps  4K 2160p@30fps  4K 2160p@60fps  FullHD 1080p@24fps  FullHD 1080p@30fps  FullHD 1080p@60fps  HD 720p@30fps,7 MP,64 GB,,1 Nano SIM & 1 eSIM,iOS 15,Wi-Fi 802.11 a/b/g/n/ac/axWi-Fi MIMO,,4K 2160p@24fps;  4K 2160p@30fps;  4K 2160p@60fps;  FullHD 1080p@24fps;  FullHD 1080p@30fps;  FullHD 1080p@60fps; HD 720p@30fps,"2018 mAh, 20 W, Li-Ion"
https://cdn1.viettelstore.vn/Images/Product/ProductImage/298194891.jpeg,1.990.000,ZTE Blade A31 Plus 2/32GB,1800.8123,https://viettelstore.vn/dien-thoai/zte-blade-a31-plus-2-32gb-pid290047.html,"IPS LCD, 6.0 inches, 92.9 cm2 (-75.3% screen-to-body ratio); 480 x 960 pixels, 18:9 ratio (-179 ppi density)",Unisoc SC9863A (28nm); Octa-core (4x1.6 GHz Cortex-A55 & 4x1.2 GHz Cortex-A55); IMG8322,2GB,"5 MP (up-scaled to 8 MP), LED flash, HDR",2 MP (up-scaled to 5 MP),32GB,,"Dual SIM (Nano-SIM, dual stand-by)",Android 11 (Go edition),"Wi-Fi 802.11 b/g/n, hotspot",,,"Li-Ion 3000 mAh, không rời"
https://cdn1.viettelstore.vn/Images/Product/ProductImage/1505843736.jpeg,880.000,Điện thoại di động Philips Xenium E527 4G,1800.8123,https://viettelstore.vn/dien-thoai/die-n-thoa-i-di-do-ng-philips-xenium-e527-4g-pid199009.html,2.4 inch 240x320 QVGA TFT-LCD; ICGC9306，Shenchao glass	,,16MB, 0.3MP VGA；Sensor：GC032A，SPI PIN	,,24MB,"T-Flash Card, biggest 64GB	",Dual Sim,,,,,1700mAh 3.7V	
https://cdn1.viettelstore.vn/Images/Product/ProductImage/1797747692.jpeg,850.000,Itel 9200,1800.8123,https://viettelstore.vn/dien-thoai/itel-9200-pid179360.html,"2.4"" QVGA",SC9820E,512MB,0.3M+2M+Flashlight,0.3M,4GB,,2 Microsim,KAI OS,Wifi support,,,1900mAH
https://cdn1.viettelstore.vn/Images/Product/ProductImage/1624066131.jpeg,499.000,Masstel Izi 12 4G,1800.8123,https://viettelstore.vn/dien-thoai/masstel-izi-12-4g-pid289213.html,QQVGA,,48MB,,,128MB,32GB,Có,,,Danh bạ lưu tới 500 số,,1000mAh
https://cdn1.viettelstore.vn/Images/Product/ProductImage/882468847.jpeg,6.490.000,Realme 8,1800.8123,https://viettelstore.vn/dien-thoai/realme-8-pid195790.html,"Màn hình Super AMOLED 6.4""; Độ phân giải: 1080x2400 FHD+,  Tỷ lệ hiển thị màn hình: 90.8%, Độ sáng màn hình tối đa: 1000 nits; 6.4 inch; Hai lớp kính: AGC DT Pro, 2.5D SCHOTT X-up，2.5D; 16.7 triệu màu","Helio G95T; CPU lõi tám nhân, xung nhịp lên đến 2.05GHz; ARM Mali-G76",8GB,"Camera chính: 64MP + f/1.79, Camera góc siêu rộng 8MP + f/2.25, Camera chân dung đen trắng: 2MP + f/2.4, Camera chụp siêu cận: 2MP + f/2.4, Quay video chia đôi màn hình,  chống rung UIS, siêu chống rung UIS Max, 4K/30fps,  1080P/60fps,  1080P/30fps,  720P/60fps, 720P/30fps,  chuyển động chậm 1080p/120fps,  chuyển động chậm 720p/240fps,  Quay Thiên văn sẽ được cập nhật sau khi nâng cấp OTA; Quay phim Slow-Motion / Super-Slow-Motion 120fps @ 1080fps; Chế độ Thiên văn, Nghiêng - dịch chuyển, Chân d","16MP + f/2.45; Videocall Hỗ trợ gọi điện thoại video (FaceTime hay ứng dụng thứ 3: Zalo, Messenger,...); Chế độ chân dung, Góc nhìn toàn cảnh, Làm đẹp AI, HDR, Nhận diện gương mặt, Bộ lọc màu, Siêu chụp đêm, Hiệu ứng Bokeh; Flash màn hình",128GB,MicroSD; tối đa 256GB,Dual-SIM (Nano SIM); 2 sim và thêm 1 khe thẻ nhớ,Android 11,"2.4GHz, 5.0HGz",,Quay video chia đôi màn hình  Quay video chống rung UIS Quay video siêu chống rung UIS Max Quay video 4K/30fps  Quay video 1080P/60fps  Quay video 1080P/30fps  Quay video 720P/60fps Quay video 720P/30fps  Quay video chuyển động chậm 1080p/120fps  Quay video chuyển động chậm 720p/240fps  Quay Thiên văn sẽ được cập nhật sau khi nâng cấp OTA; Quay phim Slow-Motion / Super-Slow-Motion 120fps @ 1080fps,5000 mAh; Li-Po; Sạc nhanh 30W
https://cdn1.viettelstore.vn/Images/Product/ProductImage/2057687876.jpeg,2.790.000,Realme C21Y 3-32G,1800.8123,https://viettelstore.vn/dien-thoai/realme-c21y-3-32gb-pid198687.html,"LCD - tần số quét 60Hz; HD+ 1600*720, tỷ lệ hiển thị màn hình 88.7%, độ sáng màn hình lên đến 420 nits; 6.5 inch; Kính cường lực; 16.7 triệu màu","8 nhân, xung nhịp lên đến 1.8 GHz 64bits; Arm Mali-G52 ",3Gb,"Camera chính: 13MP + f/2.2 ;Camera chân dung đen trắng: 2MP + f/2.4; Camera chụp siêu cận: 2MP + f/2.4; Quay video 720P/30fps;  Quay video 1080P/30fps; 120fps @ 720P; Chế độ làm đẹp, bộ lọc, Chế độ HDR, chế độ xem toàn cảnh, Chân dung, Timelapse, Slo-mo, Chụp đêm, Chuyên gia; Đèn Flash","5MP + f/2.4; Có (tất cả ứng dụng thứ 3) Chế độ làm đẹp, chế độ HDR, chế độ toàn cảnh, chế độ chân dung, bộ lọc màu, timelapse, quay phim 1080P/30fps  720P/30fps; Flash màn hình",32GB,"Micro SD, tối đa 256GB",Dual-SIM (Nano SIM),Android 11 R,2.4GHz,,Quay video 720P/30fps;  Quay video 1080P/30fps,Li-po; 5000mAh
https://cdn1.viettelstore.vn/Images/Product/ProductImage/1464754580.jpeg,5.490.000,Realme 9i,1800.8123,https://viettelstore.vn/dien-thoai/realme-9i-pid289079.html,"Màn hình LCD 6.6"", 90Hz.  Độ phân giải: 1080x2412 FHD+  Tỷ lệ hiển thị màn hình: 90.8%   Độ sáng màn hình tối đa: 480 nits; 6.6; MN228/DTpro，2.5D; 16.7 triệu màu","Qualcomm Snapdragon 680 Octa-Core; CPU lõi tám nhân, xung nhịp lên đến 2.4GHz, tiến trình 6nm; Adreno 610",6GB LPDDR4X,"Camera chính: 50MP + f/1.8; Camera chân dung: 2MP + f/2.4; Camera chụp siêu cận 4cm : 2MP + f/2.4; Hỗ trợ quay video 1080P/30fps; Hỗ trợ quay video 720P/30fps; Hỗ trợ quay video 720P/120fps; Quay film Slow Motion 120fps @ 720fps; Siêu chụp đêm, Góc nhìn toàn cảnh, Chuyên gia, Tua nhanh thời gian, Chân dung, HDR, Góc siêu cận, Nhận diện cảnh AI, Làm đẹp AI, Bộ lọc màu, Lọc văn bản. Đèn Flash","16MP + f/2.1; Videocall (tất cả ứng dụng thứ 3); Chân dung, Góc nhìn toàn cảnh, Làm đẹp AI, HDR, Nhận diện gương mặt, Siêu chụp đêm, Tua nhanh thời gian; Flash màn hình",128GB UFS 2.2,"Micro SD, tối đa 1TB",Dual-SIM (Nano SIM),realme UI 2.0 trên nền tảng Android 11,"2.4GHz, 5.0HGz",,Hỗ trợ quay video 1080P/30fps; Hỗ trợ quay video 720P/30fps; Hỗ trợ quay video 720P/120fps; Quay film Slow Motion 120fps @ 720fps,Li-po; 5000mAh; Sạc nhanh 33W
https://cdn1.viettelstore.vn/Images/Product/ProductImage/1759203234.jpeg,6.990.000,Realme 8 5G,1800.8123,https://viettelstore.vn/dien-thoai/realme-8-5g-pid199218.html,"Màn hình LCD 6.5""; Độ phân giải: 1080x2400 FHD+;  Tỷ lệ hiển thị màn hình: 90.5%; Độ sáng màn hình tối đa: 600 nits; 6.5""; TM 2.5D; 16.7 triệu màu","MTK Dimensity 700 5G; CPU lõi tám nhân, xung nhịp lên đến 2.2GHz;  ARM Mali-G57",8GB LPDDR4X,"Camera chính: 48MP + f/1.8; Camera chân dung đen trắng: 2MP + f/2.4; Camera chụp siêu cận 4cm : 2MP + f/2.4; Hỗ trợ quay video chống rung UIS; Hỗ trợ quay video siêu chống rung UIS Max; Hỗ trợ quay video 1080P/30fps; Hỗ trợ quay video 720P/30fps; Hỗ trợ quay video 720P/120fps; 120fps @ 720fps; Siêu chụp đêm, Góc nhìn toàn cảnh, Chuyên gia, Tua nhanh thời gian, Chân dung, HDR, Góc siêu cận, Nhận diện cảnh AI, Làm đẹp AI, Bộ lọc màu; Đèn Flash","16MP + f/2.1; Videocall Hỗ trợ gọi điện thoại video (FaceTime hay ứng dụng thứ 3: Zalo, Messenger,...); Chân dung, Góc nhìn toàn cảnh, Làm đẹp AI, HDR, Nhận diện gương mặt, Siêu chụp đêm; Flash màn hình",128GB UFS 2.1 ,Micro SD 1TB,Dual-SIM (Nano SIM); 2 sim và thêm 1 khe thẻ nhớ,Android 11,"2.4GHz, 5.0HGz",,Hỗ trợ quay video chống rung UIS; Hỗ trợ quay video siêu chống rung UIS Max; Hỗ trợ quay video 1080P/30fps; Hỗ trợ quay video 720P/30fps; Hỗ trợ quay video 720P/120fps; 120fps,Li-po; 5000mAh; Sạc nhanh 18W
https://cdn1.viettelstore.vn/Images/Product/ProductImage/1675652850.jpeg,22.990.000,Samsung Galaxy S22 Plus 8/128GB,1800.8123,https://viettelstore.vn/dien-thoai/samsung-galaxy-s22-plus-pid288734.html,"Màn hình 6.6” FHD+ 2340 x 1080, Dynamic AMOLED 2X; Kính cường lực Corning® Gorilla® Glass Victus+®",Chip Snapdragon® 8 Gen 1 (4nm),8GB,"Siêu rộng: 12MP F2.2 (FF), Chính: 50MP F1.8 (Dual Pixel AF) OIS; Tele: 10MP F2.4 (3X, PDAF) OIS; Thu phóng chuẩn không gian 30X",10MP F2.2 (Dual Pixel AF),128GB,Không hỗ trợ,2 nano sim hoặc 1 nano sim và 1 esim,Android 12,"802.11 a/b/g/n/ac/ax 2.4G+5GHz+6GHz, HE160, MIMO, 1024-QAM",Không giới hạn,UHD 8K (7680 x 4320)@24fps,Pin 4500 mAh | Sạc siêu nhanh 45W (Củ sạc 45W được bán riêng); Sạc không dây 15W | Chia sẻ pin không dây
https://cdn1.viettelstore.vn/Images/Product/ProductImage/814024262.jpeg,12.990.000,Samsung Galaxy S21 FE 5G 8/128GB,1800.8123,https://viettelstore.vn/dien-thoai/samsung-galaxy-s21-fe-pid288924.html,"Infinity O; Dynamic AMOLED 2X; Full HD+ (2340 x 1080 Pixels) (FHD+) ; 6.4"" - Tần số quét 120 Hz; 1200 nits; Kính cường lực Corning Gorilla Glass Victus","Exynos 2100; 1 nhân 2.9 GHz, 3 nhân 2.8 GHz & 4 nhân 2.2 GHz; Mali-G78 MP14",8 GB,"Chính 12 MP & Phụ 12 MP, 8 MP; Đèn Flash; UHD 8K (7680 x 4320)@24fps; - Siêu rộng 123 độ - Quay Video kép - Chế độ chân dung chuẩn studio - Chụp đêm với công nghệ AI - Thu phóng chuẩn không gian 30X",32 MP; Chỉnh sửa ảnh thông minh,128 GB,,2 Nano SIM,Android 12,Dual-band (2.4 GHz/5 GHz);  Wi-Fi 802.11 a/b/g/n/ac/ax;  Wi-Fi Direct;  Wi-Fi hotspot,Không giới hạn,UHD 8K (7680 x 4320)@24fps,4500 mAh; Hỗ trợ sạc tối đa 25 W; Siêu tiết kiệm pin;  Sạc không dây;  Sạc ngược không dây;  Sạc pin nhanh;  Tiết kiệm pin
https://cdn1.viettelstore.vn/Images/Product/ProductImage/591759482.jpeg,17.990.000,Samsung Galaxy Z Flip3 5G 128GB,1800.8123,https://viettelstore.vn/dien-thoai/samsung-galaxy-z-flip3-5G-128GB-pid198040.html,"Màn hình chính: 6.7"" FHD+, Dynamix AMOLED 2X, 120Hz Màn hình phụ: 1.9"", Super AMOLED; Infinity-O Display",Qualcomm SM8350 Snapdragon 888 (5 nm); Octa-core,8GB,"Chính (góc rộng): 12MP 2PD, OIS, F1.8; Siêu rộng: 12MP, F2.2, 123°; Quay video: 4K@30/60fps, 1080p@60/240fps, 720p@960fps, HDR10+;",10MP f2.4,128GB,,1 physical SIM + eSIM,Android 11,,,"4K@30/60fps, 1080p@60/240fps, 720p@960fps, HDR10+",Li-Po 3300 mAh; Fast charging 15W Fast wireless charging 10W
https://cdn1.viettelstore.vn/Images/Product/ProductImage/2011382129.jpeg,750.000,Nokia 105 4G,1800.8123,https://viettelstore.vn/dien-thoai/nokia-105-4g-pid199010.html,1.8” QQVGA,Unisoc T107,,,,128 + 48MB4,,Hai sim | Nano Sim + Nano Sim; chế độ chờ LTE + LTE,Series 30+,,,,1020 mAh| Pin rời | BL-5C
https://cdn1.viettelstore.vn/Images/Product/ProductImage/1318167974.jpeg,12.490.000,Vivo V23 5G,1800.8123,https://viettelstore.vn/dien-thoai/vivo-v23-5g-pid289080.html,6.44 inch; 2400×1080 (FHD+); AMOLED; Cảm ứng điện dung đa điểm				,MediaTek Dimensity 920			,8GB,"64MP AF + 8MP (Góc Siêu Rộng) + 2MP (Siêu Cận); Camera Chính f/1.89, Camera Góc Siêu Rộng f/2.2, Camera Siêu Cận f/2.4; Đèn Flash camera sau + Selfie Hiệu Ứng Ánh Trăng Kép; 				 Lấy Nét Tự Động Theo Mắt, Chế Độ Siêu Chụp Đêm, Chế Độ Chụp Đêm Góc Siêu Rộng, Siêu Cận, Chân Dung Xoá Phông, Chân Dung Phong Cách, Chân Dung Bokeh Flare, Độ Phân Giải Cao (64MP), Live Photo, AR Stickers, Quay Chuyển Động Chậm, Quay Tua Nhanh Thời Gian, Video Hiển Thị Kép, Chế Độ Phơi Sáng Kép, DOC, Chụp Toàn Cảnh, Chuy","50MP AF + 8MP (Góc Siêu Rộng); Camera Selfie f/2.0, Camera Selfie Góc Siêu Rộng f/2.28",128GB,,2 SIM 2 sóng chờ (DSDS)				,Funtouch OS 12 (Tuỳ biến trên Android 12)				,"2.4GHz, 5GHz				",,MP4				,4200mAh (TYP); Sạc Siêu Tốc 44W (11V/4A);
https://cdn1.viettelstore.vn/Images/Product/ProductImage/1323944811.jpeg,3.490.000,Xiaomi Redmi 10 4/64GB,1800.8123,https://viettelstore.vn/dien-thoai/xiaomi-redmi-10-4-64gb-pid287920.html,"IPS LCD; Full HD+ (1080 x 2400 Pixels); 6.5"" - Tần số quét 90 Hz; Kính cường lực Corning Gorilla Glass 3", MediaTek Helio G88 8 nhân;  Mali-G52 MC2,4GB,"Chính 50 MP & Phụ 8 MP, 2 MP, 2 MP; Đèn Flash",8 MP,64GB,MicroSD,2 Nano SIM,Android 11,,Không giới hạn,,5000 mAh; Hỗ trợ sạc tối đa 18 W; Sạc pin nhanh
https://cdn1.viettelstore.vn/Images/Product/ProductImage/1001558381.jpeg,11.990.000,OPPO Reno7 5G,1800.8123,https://viettelstore.vn/dien-thoai/oppo-reno7-5g-pid289105.html," 6.43 inch, màn hình đục lỗ; AMOLED; 90Hz, Gorilla Glass 5; 1080 x 2400 (FHD+); 16 triệu màu","Dimensity 900 5G, tối đa 2.4GHz; Mali-G78 MC4",8GB,"64MP (Chính) + 8MP (Góc rộng) + 2MP (Marco), F/1.7 + F/2.25 + F/2.4, Đèn flash sau",32MP; F/2.4,256GB,Hỗ trợ thẻ nhớ tối đa 1TB,Dual nano-SIM + 1 khe thẻ nhớ,"ColorOS 12, nền tảng Android 11","Wifi 6, 2.4G/5G, 802.11 a/b/g/n/ac/ax",,,4500mAh (Typ) Siêu sạc nhanh superVOOC 2.0 65W
https://cdn1.viettelstore.vn/Images/Product/ProductImage/2000516576.jpeg,3.190.000,Realme C11 2021 4GB - 64GB,1800.8123,https://viettelstore.vn/dien-thoai/realme-c11-2021-4gb-64gb-pid288928.html,"LCD - tần số quét 60Hz; HD+ 1600*720, tỷ lệ hiển thị màn hình 89.5%, 16.7 triệu màu; 6.5 inch; 60Hz; 400 nitts; Kinh cường lực","SC9863A; 8 nhân, xung nhịp lên đến 1.6GHz; IMG 8322",4GB,"Camera chính: 8MP + f/2.0; 480p @30fps,720p @ 30fps, 1080p @ 30fps; Đèn Flash; Chế độ chụp đêm, Chế độ xem toàn cảnh, Chế độ chuyên gia, Timelapse, Chế độ chân dung, Chế độ HDR, Chế độ siêu macro, AI Beauty, Bộ lọc, Bộ lọc màu","5MP + f/2.2; Chế độ chân dung, Timelapse, Chế độ xem toàn cảnh, Chế độ làm đẹp, Chế độ HDR, Nhận dạng khuôn mặt, Bộ lọc",64GB,"Micro SD, 256G","Dual-SIM (Nano SIM), 2 sim và thêm 1 khe thẻ nhớ",Android GO,2.4GHz,,"480p @30fps,720p @ 30fps, 1080p @ 30fps",5000mAh; Li-po; Sạc thường 10W
https://cdn1.viettelstore.vn/Images/Product/ProductImage/1770743477.jpeg,2.490.000,Realme C11 2021 2GB  - 32GB,1800.8123,https://viettelstore.vn/dien-thoai/realme-c11-2021-2gb-32gb-pid197895.html,"LCD - tần số quét 60Hz; HD+ 1600*720, tỷ lệ hiển thị màn hình 89.5%, 16.7 triệu màu; 6.5 inch; 60Hz;  400 nitts;  Kinh cường lực ","SC9863A; 8 nhân, xung nhịp lên đến 1.6GHz; IMG 8322",2GB,"Camera chính: 8MP + f/2.0; 480p @30fps,720p @ 30fps, 1080p @ 30fps; Đèn Flash; Chế độ chụp đêm, Chế độ xem toàn cảnh, Chế độ chuyên gia, Timelapse, Chế độ chân dung, Chế độ HDR, Chế độ siêu macro, AI Beauty, Bộ lọc, Bộ lọc màu","5MP + f/2.2; Chế độ chân dung, Timelapse, Chế độ xem toàn cảnh, Chế độ làm đẹp, Chế độ HDR, Nhận dạng khuôn mặt, Bộ lọc",32GB,"Micro SD, 256G","Dual-SIM (Nano SIM), 2 sim và thêm 1 khe thẻ nhớ",Android GO,2.4GHz,,"480p @30fps,720p @ 30fps, 1080p @ 30fps",5000mAh; Li-po; Sạc thường 10W
https://cdn1.viettelstore.vn/Images/Product/ProductImage/1305736012.jpeg,3.390.000,Realme C21Y 4-64GB,1800.8123,https://viettelstore.vn/dien-thoai/realme-c21y-4-64gb-pid288862.html,"LCD - tần số quét 60Hz; HD+ 1600*720, tỷ lệ hiển thị màn hình 88.7%, độ sáng màn hình lên đến 420 nits; 6.5 inch; Kính cường lực; 16.7 triệu màu","8 nhân, xung nhịp lên đến 1.8 GHz 64bits; Arm Mali-G52 ",4GB,"Camera chính: 13MP + f/2.2 ;Camera chân dung đen trắng: 2MP + f/2.4; Camera chụp siêu cận: 2MP + f/2.4; Quay video 720P/30fps;  Quay video 1080P/30fps; 120fps @ 720P; Chế độ làm đẹp, bộ lọc, Chế độ HDR, chế độ xem toàn cảnh, Chân dung, Timelapse, Slo-mo, Chụp đêm, Chuyên gia; Đèn Flash","5MP + f/2.4; Có (tất cả ứng dụng thứ 3) Chế độ làm đẹp, chế độ HDR, chế độ toàn cảnh, chế độ chân dung, bộ lọc màu, timelapse, quay phim 1080P/30fps  720P/30fps; Flash màn hình",64GB,"Micro SD, tối đa 256GB",Dual-SIM (Nano SIM),Android 11 R,2.4GHz,,Quay video 720P/30fps;  Quay video 1080P/30fps,Li-po; 5000mAh
https://cdn1.viettelstore.vn/Images/Product/ProductImage/414591897.jpeg,4.290.000,Realme C35 4/64GB,1800.8123,https://viettelstore.vn/dien-thoai/realme-c35-4-64gb-pid289922.html,"Màn hình LCD 6.58"", 60Hz; 1080x2408 FHD+ ; Tỷ lệ hiển thị màn hình: 90.70%; 16.7 triệu màu; 6.58""; 60Hz; Độ sáng màn hình tối đa: 480 nits; Panda the final two1681，2.5D","Unisoc T616 Octa-Core; CPU lõi tám nhân, xung nhịp lên đến 2.0GHz, tiến trình12nm; G57",4GB,"Camera chính: 50MP + f/1.8; Camera chụp siêu cận: 2MP + f/2.4; Camera chụp chân dung B&W : 0.3MP + f/2.8; Hỗ trợ quay video 1080P/30fps;  Hỗ trợ quay video 720P/30fps;  Hỗ trợ quay video 480p @30fps; Đèn Flash; Chế độ 50MP, Siêu chụp đêm, Góc nhìn toàn cảnh, Chuyên gia, Tua nhanh thời gian, Chân dung, HDR, Góc siêu cận, Nhận diện cảnh AI, Làm đẹp AI, Bộ lọc màu, Lọc văn bản","8MP + f/2.0; Chân dung, Làm đẹp AI, HDR, Nhận diện gương mặt, chụp ảnh bằng chạm vân tay ",64GB,"MicroSD, 256GB",Dual-SIM (Nano SIM) 2 sim và thêm 1 khe thẻ nhớ,realme UI R trên nền tảng Android 11,"2.4GHz, 5.0GHz",Không giới hạn ,Hỗ trợ quay video 1080P/30fps;  Hỗ trợ quay video 720P/30fps;  Hỗ trợ quay video 480p @30fps;,5000mAh;  Li-po; Sạc nhanh QC 2.0 18W
https://cdn1.viettelstore.vn/Images/Product/ProductImage/1040717079.jpeg,3.990.000,Realme C25Y,1800.8123,https://viettelstore.vn/dien-thoai/realme-c25y-pid288884.html,"LCD - tần số quét 60Hz; HD+ 1600*720, tỷ lệ hiển thị màn hình 88.7%, độ sáng màn hình lên đến 420 nits; 6.5 inch; Corning Gorilla Glass 3","Unisoc T618; 8 nhân, xung nhịp lên đến 2.0GHz; ARM Mali-G52",4GB,"Camera chính: 50MP + f/1.8; Camera chân dung đen trắng: 2MP + f/2.4; Camera chụp siêu cận: 2MP + f/2.4; Quay video 720P/30fps; Quay video 1080P/30fps;  Quay video1080P/60fps; Quay phim Slow-Motion 120fps @ 720P; Chế độ làm đẹp, bộ lọc, Chế độ HDR, chế độ xem toàn cảnh, Chân dung, Timelapse, Slo-mo, Chụp đêm, Chuyên gia, Đèn Flash; ","8MP + f/2.0; Videocall Hỗ trợ gọi điện thoại video (tất cả ứng dụng thứ 3); Chế độ làm đẹp, chế độ HDR, chế độ toàn cảnh, chế độ chân dung, bộ lọc màu, timelapse, quay phim 480P / 30fps, 720P / 30fps; Flash màn hình ",128GB,Micro SD; 256GB,Dual-SIM (Nano SIM),Android 11,2.4GHz,,Quay video 720P/30fps; Quay video 1080P/30fps;  Quay video1080P/60fps,5000mAh; Li-po; Sạc nhanh 18W
https://cdn1.viettelstore.vn/Images/Product/ProductImage/120755782.jpeg,549.000,Masstel Izi 20 4G,1800.8123,https://viettelstore.vn/dien-thoai/masstel-izi-20-4g-pid289093.html,QQVGA; 262K; 128*160; 1.77″,UMS9117,48MB,0.08 MP,,128MB,32GB,2 nano SIM,,,500 số,"3GP, AVI",1700mAh; Li-ion; Pin có thể tháo rời; Thời gian chờ: 15 ngày; Thời gian đàm thoại: 6-8 giờ; Thời gian sạc đầy:	4 giờ
https://cdn1.viettelstore.vn/Images/Product/ProductImage/594320932.jpeg,749.000,Masstel Fami 60 4G,1800.8123,https://viettelstore.vn/dien-thoai/masstel-fami-60-4g-pid289038.html,QVGA; 260K; 220 * 176; 2.0″,UIS8910,16MB,,,24MB,,2 nano SIM,,,500 số,,2000mAh; Li-ion; Pin có thể tháo rời; Thời gian chờ: 17 ngày; Thời gian đàm thoại: 6-8 giờ; Thời gian sạc đầy: 3-4 giờ; 
https://cdn1.viettelstore.vn/Images/Product/ProductImage/66393917.jpeg,499.000,Masstel Izi 10 4G,1800.8123,https://viettelstore.vn/dien-thoai/masstel-izi-10-4g-pid289036.html,QQVGA; 262K; 128*160; 1.77″,UMS9117,48MB,,,128MB,Hỗ trợ tối đa 32GB,2 nano SIM,,,2000 số,,1000mAh; Li-ion; Pin có thể tháo rời; Thời gian chờ: 5 ngày; Thời gian đàm thoại: 3-4 giờ; Thời gian sạc đầy: 2.5 giờ; 
https://cdn1.viettelstore.vn/Images/Product/ProductImage/395792970.jpeg,649.000,Masstel Fami 12 4G,1800.8123,https://viettelstore.vn/dien-thoai/masstel-fami-12-4g-pid289155.html,1.77′'; QQVGA; 262K; 128*160,T107,48MB,0.08MP,,256MB,Micro SD 64GB,2 nano SIM,Không,,2000 số,Có,1400mAh
https://cdn1.viettelstore.vn/Images/Product/ProductImage/526591050.jpeg,Liên hệ,Itel 9010,1800.8123,https://viettelstore.vn/dien-thoai/itel-9010-pid290928.html,"LCD; 128 x 160 Pixels; 1.77'', PPI: 116",T107,48MB,0.08M,,128MB,"MicroSD, hỗ trợ tối đa 64 GB",2 Micro SIM,,,2000 Phone Book+500 MMS Game,,"1000mAh;  Li-Po; Hỗ trợ sạc tối đa:  1.75 W, Pin rời"
https://cdn1.viettelstore.vn/Images/Product/ProductImage/2050852282.jpeg,1.690.000,Itel A26 2-32GB,1800.8123,https://viettelstore.vn/dien-thoai/itel-a26-2-32gb-pid290934.html,"5.7""; LCD IPS; 720x1,520 pixels",Spreadtrum SC9832E; Quad-core ARM CortexTM A53 1.4GHz,2GB,5.0Mp; Flash,2.0Mp,32GB,MicroSD lên tới 128GB,Dual Nano SIM,,Modulation mode： BPSK/QPSK/16QAM/64QAM/DSSS/OFDM/ CCK (WIFI b/g/n) B: max16 dBm+/-2dB G: max 13 dBm +/-2dB N20: max 13 dBm +/-2dB,,,2950mAh/3020mAh (min/typ)
https://cdn1.viettelstore.vn/Images/Product/ProductImage/1409233710.jpeg,2.490.000,Itel Vision 1 Pro 3GB/32GB,1800.8123,https://viettelstore.vn/dien-thoai/itel-vision-1-pro-3gb-32gb-pid289039.html,"IPS LCD;  HD+ (720 x 1600 Pixels); 6.5"";  Mặt kính cong 2.5D",Spreadtrum SC9832E 4 nhân; Tốc độ CPU: 1.4 GHz; Mali-T820 MP1,3GB,"Chính 8 MP & Phụ VGA, VGA; Quay phim:  HD 720p@24fps; Đèn Flash; Chạm lấy nét; Tự động lấy nét (AF)",5 MP,32GB,"MicroSD, hỗ trợ tối đa 128 GB",2 Nano SIM,Android 10 (Go Edition),Wi-Fi 802.11 b/g/n,Không giới hạn,HD 720p@24fps,4000 mAh; Li-Ion; Hỗ trợ sạc tối đa: 5 W
https://cdn1.viettelstore.vn/Images/Product/ProductImage/1312783316.jpeg,2.190.000,Itel A48,1800.8123,https://viettelstore.vn/dien-thoai/itel-a48-pid234340.html,"6.1"" HD+ 2.5D TP Lens, Kính thường",,2GB,"5MP + VGA AF, Quay phim, Đèn Flash","5MP FF, ",32GB,32GB,Sim thường,Android,"Wifi, GPS, Bluetooth",2000 số,Có,"3000mAh, Li-po, Hỗ trợ sạc tối đa 5V 1A, Pin rời"
https://cdn1.viettelstore.vn/Images/Product/ProductImage/199665496.jpeg,1.690.000,Itel A26,1800.8123,https://viettelstore.vn/dien-thoai/itel-a26-pid288790.html,"5.7"" IPS",Spreadtrum SC9832E; Quad-core ARM CortexTM A53 1.4GHz,2GB,5.0Mp; Flash,2.0Mp,32GB,MicroSD lên tới 128GB,Dual Nano SIM,Android 10.0	,Modulation mode： BPSK/QPSK/16QAM/64QAM/DSSS/OFDM/ CCK (WIFI b/g/n) B: max16 dBm+/-2dB G: max 13 dBm +/-2dB N20: max 13 dBm +/-2dB,,,2950mAh/3020mAh（min/typ
https://cdn1.viettelstore.vn/Images/Product/ProductImage/1625767428.jpeg,680.000,Itel 9210 4G,1800.8123,https://viettelstore.vn/dien-thoai/itel-9210-4g-pid289166.html,"LCD 2.4""",,64 MB,0.3 MP,,128 MB,"MicroSD, hỗ trợ tối đa 64 GB",2 Micro SIM,,,2000 số,,1900 mAh
https://cdn1.viettelstore.vn/Images/Product/ProductImage/1712791090.jpeg,730.000,Điện thoại di động Philips Xenium E506 4G,1800.8123,https://viettelstore.vn/dien-thoai/dien-thoai-di-dong-philips-xenium-e506-4g-pid199008.html,2.4 inch 240x320 QVGA TFT-LCD,,16MB,,,16MB,"T-Flash expansion card slot, maximum support 64G",Dual nano SIM card,,,,,1700 mAh lithium ion battery 3.7V
https://cdn1.viettelstore.vn/Images/Product/ProductImage/2071714864.jpeg,2.690.000,ZTE Blade A51 3/64GB,1800.8123,https://viettelstore.vn/dien-thoai/zte-blade-a51-3-64gb-pid290027.html,"IPS LCD, 6.52 inches, 102.6 cm2 (-81.5% screen-to-body ratio); 720 x 1600 pixels, 20:9 ratio (-269 ppi density)",Unisoc SC9863A (28nm); Octa-core (4x1.6 GHz Cortex-A55 & 4x1.2 GHz Cortex-A55); IMG8322,3 GB,"13MP.AP, 2 MP, LED flash, HDR",5 MP,64GB,,Dual SIM (Nano-SIM. dual stand-by),Android 11 (Go edition),"Wi-Fi 802.11 b.'g/n, hotspot",,,"Li-Ion 3200 mAh, không rời"
https://cdn1.viettelstore.vn/Images/Product/ProductImage/2082987688.jpeg,19.190.000,iPhone 12 128GB,1800.8123,https://viettelstore.vn/dien-thoai/iphone-12-128gb-pid159094.html,"OLED; Super Retina XDR display; 1170 x 2532 Pixels;  6.1""",Apple A14 Bionic 6 nhân,4GB,"2 camera 12 MP; FullHD 1080p@30fps, 4K 2160p@24fps, 4K 2160p@30fps, 4K 2160p@60fps, FullHD 1080p@120fps, HD 720p@30fps, FullHD 1080p@240fps, FullHD 1080p@60fps; Đèn LED kép; Ban đêm (Night Mode), Trôi nhanh thời gian (Time Lapse), Quay chậm (Slow Motion), Xoá phông, Zoom quang học, Toàn cảnh (Panorama), Tự động lấy nét (AF), Nhận diện khuôn mặt, HDR, Zoom kỹ thuật số, Góc rộng (Wide), Góc siêu rộng (Ultrawide)","12 MP; Xoá phông, Quay phim 4K, Nhãn dán (AR Stickers), Retina Flash, Quay video HD, Nhận diện khuôn mặt, Quay video Full HD, Tự động lấy nét (AF), HDR, Quay chậm (Slow Motion)",128GB,,1 Nano SIM & 1 eSIM,iOS 14,"Dual-band (2.4 GHz/5 GHz), Wi-Fi 802.11 a/b/g/n/ac/ax, Wi-Fi MIMO, Wi-Fi hotspot",,"FullHD 1080p@30fps, 4K 2160p@24fps, 4K 2160p@30fps, 4K 2160p@60fps, FullHD 1080p@120fps, HD 720p@30fps, FullHD 1080p@240fps, FullHD 1080p@60fps","2815 mAh, Li-Ion; Sạc không dây MagSafe, Tiết kiệm pin, Sạc không dây, Sạc pin nhanh"
https://cdn1.viettelstore.vn/Images/Product/ProductImage/1624381375.jpeg,20.790.000,iPhone 13 mini 256GB,1800.8123,https://viettelstore.vn/dien-thoai/iphone-13-mini-256gb-pid288658.html,"OLED; Full HD+ (1080 x 2340 Pixels); 5.4""; Tần số quét 60 Hz; Độ sáng tối đa 1200 nits; Kính cường lực Ceramic Shield",Apple A15 Bionic 6 nhân; Tốc độ CPU: 3.22 GHz; Apple GPU 4 nhân,4GB,2 camera 12 MP; Quay phim 4K 2160p@24fps; 4K 2160p@30fps; 4K 2160p@60fps; FullHD 1080p@240fps; FullHD 1080p@120fps; FullHD 1080p@30fps; FullHD 1080p@60fps; HD 720p@30fps; Đèn Flash; Ban đêm (Night Mode); Trôi nhanh thời gian (Time Lapse); Quay chậm (Slow Motion); Xóa phông; Zoom quang học; Chạm lấy nét; Toàn cảnh (Panorama); Chống rung quang học (OIS); Tự động lấy nét (AF); Nhận diện khuôn mặt; HDR; Dolby Vision HDR; Zoom kỹ thuật số Góc rộng (Wide); Góc siêu rộng (Ultrawide),12 MP; Xóa phông; Quay video 4K; Quay video HD; Nhận diện khuôn mặt; Quay video Full HD; Tự động lấy nét (AF); HDR,256GB,,1 Nano SIM & 1 eSIM,iOS 15,Dual-band (2.4 GHz/5 GHz); Wi-Fi 802.11 a/b/g/n/ac/ax; Wi-Fi MIMO; Wi-Fi hotspot,Không giới hạn,4K 2160p@24fps; 4K 2160p@30fps; 4K 2160p@60fps; FullHD 1080p@240fps; FullHD 1080p@120fps; FullHD 1080p@30fps; FullHD 1080p@60fps; HD 720p@30fps,2438 mAh; Li-Ion; Hỗ trợ sạc tối đa 20 W; Sạc không dây; Sạc không dây MagSafe; Tiết kiệm pin; Sạc pin nhanh
https://cdn1.viettelstore.vn/Images/Product/ProductImage/1681971504.jpeg,23.990.000,iPhone 13 256GB,1800.8123,https://viettelstore.vn/dien-thoai/iphone-13-256gb-pid288661.html,"OLED; 1170 x 2532 Pixels; 6.1""; Tần số quét 60 Hz; Độ sáng tối đa 1200 nits; Kính cường lực Ceramic Shield",Apple A15 Bionic 6 nhân; Tốc độ CPU: 3.22 GHz; Apple GPU 4 nhân,4GB,"2 camera 12 MP; Quay phim 4K 2160p@24fps, 4K 2160p@30fps, 4K 2160p@60fps, FullHD 1080p@240fps, FullHD 1080p@120fps, FullHD 1080p@30fps, FullHD 1080p@60fps, HD 720p@30fps; Đèn Flash; Ban đêm (Night Mode), Trôi nhanh thời gian (Time Lapse), Quay chậm (Slow Motion), Xóa phông, Zoom quang học, Chạm lấy nét, Toàn cảnh (Panorama), Chống rung quang học (OIS), Tự động lấy nét (AF), Nhận diện khuôn mặt, HDR, Dolby Vision HDR, Zoom kỹ thuật số Góc rộng (Wide), Góc siêu rộng (Ultrawide)","12 MP; Xóa phông, Quay video 4K, Quay video HD, Nhận diện khuôn mặt, Quay video Full HD, Tự động lấy nét (AF), HDR",256GB,,1 Nano SIM & 1 eSIM,iOS 15,Wi-Fi 802.11 a/b/g/n/ac/ax; Wi-Fi MIMO; Wi-Fi hotspot; Dual-band (2.4 GHz/5 GHz),Không giới hạn,"4K 2160p@24fps, 4K 2160p@30fps, 4K 2160p@60fps, FullHD 1080p@240fps, FullHD 1080p@120fps, FullHD 1080p@30fps, FullHD 1080p@60fps, HD 720p@30fps","3240 mAh; Li-Ion; Hỗ trợ sạc tối đa 20 W; Sạc pin nhanh, Tiết kiệm pin, Sạc không dây, Sạc ngược không dây"
https://cdn1.viettelstore.vn/Images/Product/ProductImage/1955203951.jpeg,31.790.000,iPhone 13 Pro 512GB,1800.8123,https://viettelstore.vn/dien-thoai/iphone-13-pro-512gb-pid288665.html,"OLED; 1170 x 2532 Pixels; 6.1""; Tần số quét 120 Hz; Độ sáng tối đa 1200 nits; Kính cường lực Ceramic Shield",Apple A15 Bionic 6 nhân; Tốc độ CPU: 3.22 GHz; Apple GPU 5 nhân,6 GB,"3 camera 12 MP; Quay phim 4K 2160p@24fps, 4K 2160p@30fps, 4K 2160p@60fps, FullHD 1080p@240fps, FullHD 1080p@120fps, FullHD 1080p@30fp,s FullHD 1080p@60fps, HD 720p@30fps; Ban đêm (Night Mode), Trôi nhanh thời gian (Time Lapse), Quay chậm (Slow Motion), Xóa phông, Zoom quang học, Chạm lấy nét, Toàn cảnh (Panorama), Chống rung quang học (OIS), Tự động lấy nét (AF), Nhận diện khuôn mặt, HDR, Ảnh Raw, Dolby Vision HDR, Zoom kỹ thuật số, Góc rộng (Wide), Siêu cận (Macro), Góc siêu rộng (Ultrawide);","12 MP; Xóa phông, Quay video 4K, Quay video HD, Nhận diện khuôn mặt, Quay video Full HD, Tự động lấy nét (AF), HDR",512 GB,,1 Nano SIM & 1 eSIM,iOS 15,"Dual-band (2.4 GHz/5 GHz), Wi-Fi 802.11 a/b/g/n/ac/ax, Wi-Fi MIMO, Wi-Fi hotspot",Không giới hạn,"4K 2160p@24fps, 4K 2160p@30fps, 4K 2160p@60fps, FullHD 1080p@240fps, FullHD 1080p@120fps, FullHD 1080p@30fp,s FullHD 1080p@60fps, HD 720p@30fps;","3095 mAh; Li-Ion; Hỗ trợ sạc tối đa 20 W; Sạc pin nhanh, Tiết kiệm pin, Sạc không dây, Sạc ngược không dây"
https://cdn1.viettelstore.vn/Images/Product/ProductImage/927751743.jpeg,37.490.000,iPhone 13 Pro 1TB,1800.8123,https://viettelstore.vn/dien-thoai/iphone-13-pro-1tb-pid288666.html,"OLED; 1170 x 2532 Pixels; 6.1""; Tần số quét 120 Hz; Độ sáng tối đa 1200 nits; Kính cường lực Ceramic Shield",Apple A15 Bionic 6 nhân; Tốc độ CPU: 3.22 GHz; Apple GPU 5 nhân,6 GB,"3 camera 12 MP; Quay phim 4K 2160p@24fps, 4K 2160p@30fps, 4K 2160p@60fps, FullHD 1080p@240fps, FullHD 1080p@120fps, FullHD 1080p@30fp,s FullHD 1080p@60fps, HD 720p@30fps; Ban đêm (Night Mode), Trôi nhanh thời gian (Time Lapse), Quay chậm (Slow Motion), Xóa phông, Zoom quang học, Chạm lấy nét, Toàn cảnh (Panorama), Chống rung quang học (OIS), Tự động lấy nét (AF), Nhận diện khuôn mặt, HDR, Ảnh Raw, Dolby Vision HDR, Zoom kỹ thuật số, Góc rộng (Wide), Siêu cận (Macro), Góc siêu rộng (Ultrawide);","12 MP; Xóa phông, Quay video 4K, Quay video HD, Nhận diện khuôn mặt, Quay video Full HD, Tự động lấy nét (AF), HDR",1 TB,,1 Nano SIM & 1 eSIM,iOS 15,"Dual-band (2.4 GHz/5 GHz), Wi-Fi 802.11 a/b/g/n/ac/ax, Wi-Fi MIMO, Wi-Fi hotspot",Không giới hạn,"4K 2160p@24fps, 4K 2160p@30fps, 4K 2160p@60fps, FullHD 1080p@240fps, FullHD 1080p@120fps, FullHD 1080p@30fp,s FullHD 1080p@60fps, HD 720p@30fps","3095 mAh; Li-Ion; Hỗ trợ sạc tối đa 20 W; Sạc pin nhanh, Tiết kiệm pin, Sạc không dây, Sạc ngược không dây"
https://cdn1.viettelstore.vn/Images/Product/ProductImage/1137848926.jpeg,12.990.000,iPhone 11 128GB,1800.8123,https://viettelstore.vn/dien-thoai/iphone-11-128gb-pid141877.html,"6.1 inches, Liquid Retina HD",Apple A13 Bionic ,4 GB,Chính 12 MP & Phụ 12 MP,12 MP,128 GB,,"Nano SIM & eSIM, có hỗ trợ 4G",iOS 14,"Dual-band, Wi-Fi 802.11 a/b/g/n/ac/ax, Wi-Fi hotspot",,"Quay phim FullHD 1080p@30fps, Quay phim FullHD 1080p@60fps, Quay phim FullHD 1080p@120fps, Quay phim FullHD 1080p@240fps, Quay phim 4K 2160p@24fps, Quay phim 4K 2160p@30fps, Quay phim 4K 2160p@60fps",3110 mAh- Pin chuẩn Li-Ion
https://cdn1.viettelstore.vn/Images/Product/ProductImage/248189317.jpeg,699.000,Masstel Izi 55 4G,1800.8123,https://viettelstore.vn/dien-thoai/masstel-izi-55-4g-pid289037.html,"QVGA; 2.4""; 320 x 240 Pixel; 	262.000 màu; Mặt kính 2.5D",UIS8910,16 MB,,,24 MB,"MicroSD, Hỗ trợ tối đa 16 GB",02 Nano SIM,,,500 số,,1800 mAh; Lithium-ion; Pin có thể tháo rời
https://cdn1.viettelstore.vn/Images/Product/ProductImage/506981506.jpeg,17.490.000,iPhone 12 64GB,1800.8123,https://viettelstore.vn/dien-thoai/iphone-12-pid145802.html,"OLED; Super Retina XDR display; 1170 x 2532 Pixels;  6.1""",Apple A14 Bionic 6 nhân,4GB,"2 camera 12 MP; FullHD 1080p@30fps, 4K 2160p@24fps, 4K 2160p@30fps, 4K 2160p@60fps, FullHD 1080p@120fps, HD 720p@30fps, FullHD 1080p@240fps, FullHD 1080p@60fps; Đèn LED kép; Ban đêm (Night Mode), Trôi nhanh thời gian (Time Lapse), Quay chậm (Slow Motion), Xoá phông, Zoom quang học, Toàn cảnh (Panorama), Tự động lấy nét (AF), Nhận diện khuôn mặt, HDR, Zoom kỹ thuật số, Góc rộng (Wide), Góc siêu rộng (Ultrawide)","12 MP; Xoá phông, Quay phim 4K, Nhãn dán (AR Stickers), Retina Flash, Quay video HD, Nhận diện khuôn mặt, Quay video Full HD, Tự động lấy nét (AF), HDR, Quay chậm (Slow Motion)",64 GB,,1 Nano SIM & 1 eSIM,iOS 14,"Dual-band (2.4 GHz/5 GHz), Wi-Fi 802.11 a/b/g/n/ac/ax, Wi-Fi MIMO, Wi-Fi hotspot",,"FullHD 1080p@30fps, 4K 2160p@24fps, 4K 2160p@30fps, 4K 2160p@60fps, FullHD 1080p@120fps, HD 720p@30fps, FullHD 1080p@240fps, FullHD 1080p@60fps","2815 mAh, Li-Ion; Sạc không dây MagSafe, Tiết kiệm pin, Sạc không dây, Sạc pin nhanh"
https://cdn1.viettelstore.vn/Images/Product/ProductImage/1766635160.jpeg,17.990.000,iPhone 13 mini 128GB,1800.8123,https://viettelstore.vn/dien-thoai/iphone-13-mini-128gb-pid288657.html,"OLED; Full HD+ (1080 x 2340 Pixels); 5.4""; Tần số quét 60 Hz; Độ sáng tối đa 1200 nits; Kính cường lực Ceramic Shield",Apple A15 Bionic 6 nhân; Tốc độ CPU: 3.22 GHz; Apple GPU 4 nhân,4 GB,2 camera 12 MP; Quay phim 4K 2160p@24fps; 4K 2160p@30fps; 4K 2160p@60fps; FullHD 1080p@240fps; FullHD 1080p@120fps; FullHD 1080p@30fps; FullHD 1080p@60fps; HD 720p@30fps; Đèn Flash; Ban đêm (Night Mode); Trôi nhanh thời gian (Time Lapse); Quay chậm (Slow Motion); Xóa phông; Zoom quang học; Chạm lấy nét; Toàn cảnh (Panorama); Chống rung quang học (OIS); Tự động lấy nét (AF); Nhận diện khuôn mặt; HDR; Dolby Vision HDR;  Zoom kỹ thuật số Góc rộng (Wide); Góc siêu rộng (Ultrawide),12 MP; Xóa phông; Quay video 4K; Quay video HD; Nhận diện khuôn mặt; Quay video Full HD; Tự động lấy nét (AF); HDR,128 GB,,1 Nano SIM & 1 eSIM,iOS 15,Dual-band (2.4 GHz/5 GHz); Wi-Fi 802.11 a/b/g/n/ac/ax; Wi-Fi MIMO; Wi-Fi hotspot,Không giới hạn,4K 2160p@24fps; 4K 2160p@30fps; 4K 2160p@60fps; FullHD 1080p@240fps; FullHD 1080p@120fps; FullHD 1080p@30fps; FullHD 1080p@60fps; HD 720p@30fps;,2438 mAh; Li-Ion; Hỗ trợ sạc tối đa 20 W; Sạc không dây; Sạc không dây MagSafe; Tiết kiệm pin; Sạc pin nhanh
https://cdn1.viettelstore.vn/Images/Product/ProductImage/1195250717.jpeg,19.990.000,iPhone 13 128GB,1800.8123,https://viettelstore.vn/dien-thoai/iphone-13-128gb-pid288660.html,"OLED; 1170 x 2532 Pixels; 6.1""; Tần số quét	60 Hz; Độ sáng tối đa 1200 nits; Kính cường lực Ceramic Shield",Apple A15 Bionic 6 nhân; Tốc độ CPU: 3.22 GHz; Apple GPU 4 nhân,4 GB,"2 camera 12 MP; Quay phim 4K 2160p@24fps, 4K 2160p@30fps, 4K 2160p@60fps, FullHD 1080p@240fps, FullHD 1080p@120fps, FullHD 1080p@30fps, FullHD 1080p@60fps, HD 720p@30fps; Đèn Flash; Ban đêm (Night Mode), Trôi nhanh thời gian (Time Lapse), Quay chậm (Slow Motion), Xóa phông, Zoom quang học, Chạm lấy nét, Toàn cảnh (Panorama), Chống rung quang học (OIS), Tự động lấy nét (AF), Nhận diện khuôn mặt, HDR, Dolby Vision HDR,  Zoom kỹ thuật số Góc rộng (Wide), Góc siêu rộng (Ultrawide)","12 MP; Xóa phông, Quay video 4K, Quay video HD, Nhận diện khuôn mặt, Quay video Full HD, Tự động lấy nét (AF), HDR",128 GB,,1 Nano SIM & 1 eSIM,iOS 15,Wi-Fi 802.11 a/b/g/n/ac/ax; Wi-Fi MIMO;  Wi-Fi hotspot; Dual-band (2.4 GHz/5 GHz),Không giới hạn,"4K 2160p@24fps, 4K 2160p@30fps, 4K 2160p@60fps, FullHD 1080p@240fps, FullHD 1080p@120fps, FullHD 1080p@30fps, FullHD 1080p@60fps, HD 720p@30fps","3240 mAh; Li-Ion; Hỗ trợ sạc tối đa 20 W; Sạc pin nhanh, Tiết kiệm pin, Sạc không dây, Sạc ngược không dây"
https://cdn1.viettelstore.vn/Images/Product/ProductImage/286885732.jpeg,11.490.000,iPhone 11 64GB,1800.8123,https://viettelstore.vn/dien-thoai/iphone-11-pid139896.html,"IPS LCD, 6.1"", Liquid Retina HD",Apple A13 Bionic 6 nhân,4 GB,Chính 12 MP & Phụ 12 MP,12 MP,64 GB,,"Nano SIM & eSIM, Hỗ trợ 4G",iOS 14,"Dual-band, Wi-Fi 802.11 a/b/g/n/ac/ax, Wi-Fi hotspot",,"Quay phim HD 720p@30fps, Quay phim FullHD 1080p@30fps, Quay phim FullHD 1080p@60fps, Quay phim FullHD 1080p@120fps, Quay phim FullHD 1080p@240fps, Quay phim 4K 2160p@24fps, Quay phim 4K 2160p@30fps, Quay phim 4K 2160p@60fps",3110 mAh
https://cdn1.viettelstore.vn/Images/Product/ProductImage/668927892.jpeg,27.490.000,iPhone 13 Pro 256GB,1800.8123,https://viettelstore.vn/dien-thoai/iphone-13-pro-256gb-pid288664.html,"OLED; 1170 x 2532 Pixels; 6.1""; Tần số quét 120 Hz; Độ sáng tối đa 1200 nits; Kính cường lực Ceramic Shield",Apple A15 Bionic 6 nhân; Tốc độ CPU: 3.22 GHz; Apple GPU 5 nhân,6 GB,"3 camera 12 MP; Quay phim 4K 2160p@24fps, 4K 2160p@30fps, 4K 2160p@60fps, FullHD 1080p@240fps, FullHD 1080p@120fps, FullHD 1080p@30fp,s FullHD 1080p@60fps, HD 720p@30fps; Ban đêm (Night Mode), Trôi nhanh thời gian (Time Lapse), Quay chậm (Slow Motion), Xóa phông, Zoom quang học, Chạm lấy nét, Toàn cảnh (Panorama), Chống rung quang học (OIS), Tự động lấy nét (AF), Nhận diện khuôn mặt, HDR, Ảnh Raw, Dolby Vision HDR, Zoom kỹ thuật số, Góc rộng (Wide), Siêu cận (Macro), Góc siêu rộng (Ultrawide);","12 MP; Xóa phông, Quay video 4K, Quay video HD, Nhận diện khuôn mặt, Quay video Full HD, Tự động lấy nét (AF), HDR",256 GB,,1 Nano SIM & 1 eSIM,iOS 15,"Dual-band (2.4 GHz/5 GHz), Wi-Fi 802.11 a/b/g/n/ac/ax, Wi-Fi MIMO, Wi-Fi hotspot",Không giới hạn,"4K 2160p@24fps, 4K 2160p@30fps, 4K 2160p@60fps, FullHD 1080p@240fps, FullHD 1080p@120fps, FullHD 1080p@30fp,s FullHD 1080p@60fps, HD 720p@30fps;","3095 mAh; Li-Ion; Hỗ trợ sạc tối đa 20 W; Sạc pin nhanh, Tiết kiệm pin, Sạc không dây, Sạc ngược không dây"
https://cdn1.viettelstore.vn/Images/Product/ProductImage/2126107868.jpeg,24.990.000,iPhone 13 Pro 128GB,1800.8123,https://viettelstore.vn/dien-thoai/iphone-13-pro-128gb-pid288663.html,"OLED; 1170 x 2532 Pixels; 6.1""; Tần số quét	120 Hz; Độ sáng tối đa 1200 nits; Kính cường lực Ceramic Shield",Apple A15 Bionic 6 nhân; Tốc độ CPU: 3.22 GHz; Apple GPU 5 nhân,6 GB,"3 camera 12 MP; Quay phim 4K 2160p@24fps, 4K 2160p@30fps, 4K 2160p@60fps, FullHD 1080p@240fps, FullHD 1080p@120fps, FullHD 1080p@30fp,s FullHD 1080p@60fps, HD 720p@30fps; Ban đêm (Night Mode), Trôi nhanh thời gian (Time Lapse), Quay chậm (Slow Motion), Xóa phông, Zoom quang học, Chạm lấy nét, Toàn cảnh (Panorama), Chống rung quang học (OIS), Tự động lấy nét (AF), Nhận diện khuôn mặt, HDR, Ảnh Raw, Dolby Vision HDR,  Zoom kỹ thuật số, Góc rộng (Wide), Siêu cận (Macro), Góc siêu rộng (Ultrawide);","12 MP; Xóa phông, Quay video 4K, Quay video HD, Nhận diện khuôn mặt, Quay video Full HD, Tự động lấy nét (AF), HDR",128 GB,,1 Nano SIM & 1 eSIM,iOS 15,"Dual-band (2.4 GHz/5 GHz), Wi-Fi 802.11 a/b/g/n/ac/ax, Wi-Fi MIMO, Wi-Fi hotspot",Không giới hạn,"4K 2160p@24fps, 4K 2160p@30fps, 4K 2160p@60fps, FullHD 1080p@240fps, FullHD 1080p@120fps, FullHD 1080p@30fp,s FullHD 1080p@60fps, HD 720p@30fps; "," 3095 mAh; Li-Ion; Hỗ trợ sạc tối đa 20 W; Sạc pin nhanh, Tiết kiệm pin, Sạc không dây, Sạc ngược không dây"
https://cdn1.viettelstore.vn/Images/Product/ProductImage/107737717.jpeg,34.490.000,iPhone 13 Pro Max 512GB,1800.8123,https://viettelstore.vn/dien-thoai/iphone-13-pro-max-512gb-pid288669.html,"OLED; 1284 x 2778 Pixels; 6.7""; Tần số quét 120 Hz; Độ sáng tối đa 1200 nits; Kính cường lực Ceramic Shield",Apple A15 Bionic 6 nhân; Tốc độ CPU 3.22 GHz; Apple GPU 5 nhân,6 GB,3 camera 12 MP; Quay phim 4K 2160p@24fps; 4K 2160p@30fps; 4K 2160p@60fps; FullHD 1080p@240fps; FullHD 1080p@120fps; FullHD 1080p@30fps; FullHD 1080p@60fps; HD 720p@30fps; Đèn Flash; Ban đêm (Night Mode); Trôi nhanh thời gian (Time Lapse); Quay chậm (Slow Motion); Xóa phông; Zoom quang học; Chạm lấy nét; Toàn cảnh (Panorama); Chống rung quang học (OIS); Tự động lấy nét (AF); Nhận diện khuôn mặt; HDR; Ảnh Raw; Dolby Vision HDR; Zoom kỹ thuật số; Góc rộng (Wide); Siêu cận (Macro); Góc siêu rộng,12 MP; Xóa phông; Quay video 4K; Quay video HD; Nhận diện khuôn mặt; Quay video Full HD; Tự động lấy nét (AF); HDR,512 GB,,1 Nano SIM & 1 eSIM,iOS 15,"Dual-band (2.4 GHz/5 GHz), Wi-Fi 802.11 a/b/g/n/ac/ax, Wi-Fi MIMO, Wi-Fi hotspot",Không giới hạn,4K 2160p@24fps; 4K 2160p@30fps; 4K 2160p@60fps; FullHD 1080p@240fps; FullHD 1080p@120fps; FullHD 1080p@30fps; FullHD 1080p@60fps; HD 720p@30fps,"4352 mAh; Li-Ion; Hỗ trợ sạc tối đa 20 W; Sạc pin nhanh, Tiết kiệm pin, Sạc không dây, Sạc ngược không dây"
https://cdn1.viettelstore.vn/Images/Product/ProductImage/841069727.jpeg,39.790.000,iPhone 13 Pro Max 1TB,1800.8123,https://viettelstore.vn/dien-thoai/iphone-13-pro-max-1tb-pid288670.html,"OLED; 1284 x 2778 Pixels; 6.7""; Tần số quét 120 Hz; Độ sáng tối đa 1200 nits; Kính cường lực Ceramic Shield",Apple A15 Bionic 6 nhân; Tốc độ CPU 3.22 GHz; Apple GPU 5 nhân,6 GB,3 camera 12 MP; Quay phim 4K 2160p@24fps; 4K 2160p@30fps; 4K 2160p@60fps; FullHD 1080p@240fps; FullHD 1080p@120fps; FullHD 1080p@30fps; FullHD 1080p@60fps; HD 720p@30fps; Đèn Flash; Ban đêm (Night Mode); Trôi nhanh thời gian (Time Lapse); Quay chậm (Slow Motion); Xóa phông; Zoom quang học; Chạm lấy nét; Toàn cảnh (Panorama); Chống rung quang học (OIS); Tự động lấy nét (AF); Nhận diện khuôn mặt; HDR; Ảnh Raw; Dolby Vision HDR; Zoom kỹ thuật số; Góc rộng (Wide); Siêu cận (Macro); Góc siêu rộng,12 MP; Xóa phông; Quay video 4K; Quay video HD; Nhận diện khuôn mặt; Quay video Full HD; Tự động lấy nét (AF); HDR,1 TB,,1 Nano SIM & 1 eSIM,iOS 15,"Dual-band (2.4 GHz/5 GHz), Wi-Fi 802.11 a/b/g/n/ac/ax, Wi-Fi MIMO, Wi-Fi hotspot",Không giới hạn,4K 2160p@24fps; 4K 2160p@30fps; 4K 2160p@60fps; FullHD 1080p@240fps; FullHD 1080p@120fps; FullHD 1080p@30fps; FullHD 1080p@60fps; HD 720p@30fps,"4352 mAh; Li-Ion; Hỗ trợ sạc tối đa 20 W; Sạc pin nhanh, Tiết kiệm pin, Sạc không dây, Sạc ngược không dây"
https://cdn1.viettelstore.vn/Images/Product/ProductImage/1985880028.jpeg,30.990.000,iPhone 13 Pro Max 256GB,1800.8123,https://viettelstore.vn/dien-thoai/iphone-13-pro-max-256gb-pid288668.html,"OLED; 1284 x 2778 Pixels; 6.7""; Tần số quét 120 Hz; Độ sáng tối đa 1200 nits; Kính cường lực Ceramic Shield",Apple A15 Bionic 6 nhân; Tốc độ CPU 3.22 GHz; Apple GPU 5 nhân,6 GB,3 camera 12 MP; Quay phim 4K 2160p@24fps; 4K 2160p@30fps; 4K 2160p@60fps; FullHD 1080p@240fps; FullHD 1080p@120fps; FullHD 1080p@30fps; FullHD 1080p@60fps; HD 720p@30fps; Đèn Flash; Ban đêm (Night Mode); Trôi nhanh thời gian (Time Lapse); Quay chậm (Slow Motion); Xóa phông; Zoom quang học; Chạm lấy nét; Toàn cảnh (Panorama); Chống rung quang học (OIS); Tự động lấy nét (AF); Nhận diện khuôn mặt; HDR; Ảnh Raw; Dolby Vision HDR; Zoom kỹ thuật số; Góc rộng (Wide); Siêu cận (Macro);  Góc siêu rộng (,12 MP; Xóa phông; Quay video 4K; Quay video HD; Nhận diện khuôn mặt; Quay video Full HD; Tự động lấy nét (AF); HDR,256 GB,,1 Nano SIM & 1 eSIM,iOS 15,"Dual-band (2.4 GHz/5 GHz), Wi-Fi 802.11 a/b/g/n/ac/ax, Wi-Fi MIMO, Wi-Fi hotspot",Không giới hạn,4K 2160p@24fps; 4K 2160p@30fps; 4K 2160p@60fps; FullHD 1080p@240fps; FullHD 1080p@120fps; FullHD 1080p@30fps; FullHD 1080p@60fps; HD 720p@30fps,"4352 mAh; Li-Ion; Hỗ trợ sạc tối đa 20 W; Sạc pin nhanh, Tiết kiệm pin, Sạc không dây, Sạc ngược không dây"
https://cdn1.viettelstore.vn/Images/Product/ProductImage/274824861.jpeg,27.990.000,iPhone 13 Pro Max 128GB,1800.8123,https://viettelstore.vn/dien-thoai/iphone-13-pro-max-128gb-pid288667.html,"OLED; 1284 x 2778 Pixels; 6.7""; Tần số quét	120 Hz; Độ sáng tối đa 1200 nits; Kính cường lực Ceramic Shield",Apple A15 Bionic 6 nhân; Tốc độ CPU 3.22 GHz; Apple GPU 5 nhân,6 GB,3 camera 12 MP; Quay phim 4K 2160p@24fps; 4K 2160p@30fps; 4K 2160p@60fps; FullHD 1080p@240fps; FullHD 1080p@120fps; FullHD 1080p@30fps; FullHD 1080p@60fps; HD 720p@30fps; Đèn Flash; Ban đêm (Night Mode); Trôi nhanh thời gian (Time Lapse); Quay chậm (Slow Motion); Xóa phông; Zoom quang học; Chạm lấy nét; Toàn cảnh (Panorama); Chống rung quang học (OIS); Tự động lấy nét (AF); Nhận diện khuôn mặt; HDR; Ảnh Raw; Dolby Vision HDR;  Zoom kỹ thuật số; Góc rộng (Wide); Siêu cận (Macro); Góc siêu rộng ,12 MP; Xóa phông; Quay video 4K; Quay video HD; Nhận diện khuôn mặt; Quay video Full HD; Tự động lấy nét (AF); HDR,128 GB,,1 Nano SIM & 1 eSIM,iOS 15,"Dual-band (2.4 GHz/5 GHz), Wi-Fi 802.11 a/b/g/n/ac/ax, Wi-Fi MIMO, Wi-Fi hotspot",Không giới hạn,Quay phim 4K 2160p@24fps; 4K 2160p@30fps; 4K 2160p@60fps; FullHD 1080p@240fps; FullHD 1080p@120fps; FullHD 1080p@30fps; FullHD 1080p@60fps; HD 720p@30fps,"4352 mAh; Li-Ion; Hỗ trợ sạc tối đa 20 W; Sạc pin nhanh, Tiết kiệm pin, Sạc không dây, Sạc ngược không dây"
https://cdn1.viettelstore.vn/Images/Product/ProductImage/1345107338.jpeg,7.490.000,OPPO Reno6 Z 5G,1800.8123,https://viettelstore.vn/dien-thoai/oppo-reno6-z-pid198564.html,"6.43 inch, màn hình đục lỗ; AMOLED; Gorilla Glass 5; 1080 x 2400 (FHD+); 16 triệu màu","MTK Dimensity 800U 5G, tối đa 2.4GHz; Mali-G57 MC3",8GB,64MP (Chính) + 8MP (Góc rộng) + 2MP (Marco); F/1.7 + F/2.2 + F/2.4; Đèn flash sau,32MP; F/2.4,128GB,"1 thẻ nhớ, Hỗ trợ thẻ nhớ tối đa 256GB",Dual nano-SIM,"ColorOS 11.1, nền tảng Android 11","2.4G/5G, 802.11 a/b/g/n/ac",,,4310mAh (Typ); Sạc nhanh VOOC 4.0 30W
https://cdn1.viettelstore.vn/Images/Product/ProductImage/921465448.jpeg,3.290.000,OPPO A16K,1800.8123,https://viettelstore.vn/dien-thoai/oppo-a16k-pid288962.html," 6.52 inch, màn hình giọt nước; LCD; Corning Gorilla Glass 3; 720 x 1600 (HD+); 16 triệu màu","Helio G35 8 nhân, tối đa 2.3GHz; IMG GE8320",3GB,13 MP; F/2.2; Đèn flash sau; ,5 MP; F/2.4,32GB,Hỗ trợ thẻ nhớ tối đa 1TB,Dual nano-SIM + 1 khe thẻ nhớ,"ColorOS 11, nền tảng Android 11","2.4G/5G, 802.11 a/b/g/n/ac",,,4230mAh (Typ)
https://cdn1.viettelstore.vn/Images/Product/ProductImage/759071564.jpeg,7.690.000,OPPO A94,1800.8123,https://viettelstore.vn/dien-thoai/oppo-a94-pid186207.html,"6.43 inch, màn hình đục lỗ; AMOLED;  1080 x 2400 (FHD+); 16 triệu màu","Helio P95, tối đa 2.2GHz; IMG 9XM-HP8 970MHz",8 GB,"48 MP + 8 MP + 2 MP + 2 MP, 4 camera F/1.7 + F/2.2 + F/2.4 + F/2.4; Đèn flash sau",32 MP; F/2.4,128 GB,MicroSD; Hỗ trợ thẻ nhớ tối đa 256GB,Dual nano-SIM + 1 thẻ nhớ,"ColorOS 11.1, nền tảng Android 11","2.4G/5G, 802.11 a/b/g/n/ac; Bluetooth 5.1",,,4310mAh (Typ) Sạc nhanh VOOC 4.0 - 30W
https://cdn1.viettelstore.vn/Images/Product/ProductImage/1864809743.jpeg,3.790.000,OPPO A16,1800.8123,https://viettelstore.vn/dien-thoai/oppo-a16-pid289175.html," 6.52 inch, màn hình giọt nước; LCD; Kính cường lực Panda; 720 x 1600 (HD+); 16 triệu màu","Helio G35, tối đa 2.3GHz; IMG GE8320@680MHz",3GB,13 MP (chính) + 2 MP (mono) + 2 MP (marco); F/2.2 + F/2.4 + F/2.4;Đèn flash sau,8 MP; F/2.0,32GB,Hỗ trợ thẻ nhớ tối đa 256GB,Dual nano-SIM hoặc 1 nano-SIM + 1 thẻ nhớ,"ColorOS 11.1, nền tảng Android 11","2.4G/5G, 802.11 a/b/g/n/ac",,,5000mAh (Typ)
https://cdn1.viettelstore.vn/Images/Product/ProductImage/1599441352.jpeg,4.290.000,OPPO A55,1800.8123,https://viettelstore.vn/dien-thoai/oppo-a55-pid288847.html,"6.51 inch, màn hình chấm ""O""; LCD; Kính cường lực NEG T2X-1; 720 x 1600 (HD+); 16 triệu màu","Helio G35, tối đa 2.3GHz; IMG GE8320@680MHz",4GB,50 MP (chính) + 2 MP (marco) + 2 MP (xóa phông); F/1.8 + F/2.4 + F/2.4; Đèn flash sau,16 MP; F/2.0,64GB,Hỗ trợ thẻ nhớ tối đa 256GB,Dual nano-SIM + 1 thẻ nhớ,"ColorOS 11.1, nền tảng Android 11","2.4G/5G, 802.11 a/b/g/n/ac",,,5000mAh (Typ); 18W
https://cdn1.viettelstore.vn/Images/Product/ProductImage/815440615.jpeg,6.490.000,OPPO A95,1800.8123,https://viettelstore.vn/dien-thoai/oppo-a95-pid288951.html," 6.43 inch, màn hình chấm O; AMOLED; Kính cường lực Schott X-UP; 1080 x 2400 (FHD+); 16 triệu màu","Qualcomm Snapdragon 662, tối đa 2.0GHz; Adreno 610",8GB,48 MP (chính) + 2 MP (chiều sâu) + 2 MP (marco); F/1.7 + F/2.4 + F/2.4; Đèn flash sau; ,16 MP; F/2.4,128GB,Hỗ trợ thẻ nhớ tối đa 256GB,Dual nano-SIM + 1 thẻ nhớ,"ColorOS 11.1, nền tảng Android 11","2.4G/5G, 802.11 a/b/g/n/ac",,,5000mAh (Typ); Sạc 33W
https://cdn1.viettelstore.vn/Images/Product/ProductImage/437311430.jpeg,5.990.000,OPPO A76,1800.8123,https://viettelstore.vn/dien-thoai/oppo-a76-pid289170.html,"6.56 inch, màn hình chấm O, LCD, 90Hz, Kính cường lực AGC DT-Pro, 720 x 1612 (HD+), 16 triệu màu","Qualcomm Snapdragon 680, tối đa 2.4GHz, Adreno 610",6GB,"13 MP (chính) + 2 MP (đơn sắc), F/2.2 + F/2.4; Đèn flash sau","8 MP, F/2.0",128GB,Hỗ trợ thẻ nhớ tối đa 1TB,Dual nano-SIM + 1 thẻ nhớ,"ColorOS 11.1, nền tảng Android 11","2.4G/5G, 802.11 a/b/g/n/ac",,,5000mAh (Typ); Sạc siêu nhanh SuperVOOC 33W
https://cdn1.viettelstore.vn/Images/Product/ProductImage/1895915845.jpeg,7.990.000,OPPO Reno7,1800.8123,https://viettelstore.vn/dien-thoai/oppo-reno7-pid289145.html,"6.4 inch, màn hình đục lỗ AMOLED 1080 x 2400 (FHD+) 90Hz, Kính cường lực Gorilla Glass 5","Qualcomm Snapdragon 680, tối đa 2.4GHz",8GB,64MP (Chính) + 2MP (Marco) + 2MP (Bokeh) F/1.7 + F/3.3 + F/2.4 Đèn flash :Có,32MP F/2.4,128GB,Hỗ trợ thẻ nhớ tối đa 1TB,Dual nano-SIM + 1 thẻ nhớ,"ColorOS 12.1, nền tảng Android 12","Wifi 2.4G/5G, 802.11 a/b/g/n/ac",,,4500mAh (Typ) Siêu sạc nhanh superVOOC 33W
https://cdn1.viettelstore.vn/Images/Product/ProductImage/1570203692.jpeg,9.990.000,OPPO Reno7 Z 5G,1800.8123,https://viettelstore.vn/dien-thoai/oppo-reno7-z-5g-pid289153.html,"AMOLED 6.43 inch 1080 x 2400 (FHD+) 60Hz, 6.43 inch, màn hình đục lỗ, 16 triệu màu, Kính cường lực Schott X-UP","Qualcomm Snapdragon 695 5G, tối đa 2.2GHz",8GB,64MP (Chính) + 2MP (Mono) + 2MP (Marco) F/1.7 + F/2.4 + F/2.4,16MP F/2.4,128GB,Hỗ trợ thẻ nhớ tối đa 2TB,Dual nano-SIM hoặc 1 nano-SIM+1 thẻ nhớ,"ColorOS 12, nền tảng Android 11","Wifi 2.4G/5G, 802.11 a/b/g/n/ac",,,"4500mAh (Typ), Siêu sạc nhanh superVOOC 33W"
https://cdn1.viettelstore.vn/Images/Product/ProductImage/921457405.jpeg,10.590.000,OPPO Reno6 5G,1800.8123,https://viettelstore.vn/dien-thoai/oppo-reno6-5g-pid198561.html,"6.43 inch, màn hình đục lỗ; AMOLED; 90Hz, Gorilla Glass 5; 1080 x 2400 (FHD+); 16 triệu màu","MTK Dimensity 900 5G, tối đa 2.4GHz; Mali-G68 MC4",8GB,64MP (Chính) + 8MP (Góc rộng) + 2MP (Marco) F/1.7 + F/2.2 + F/2.4; Đèn flash sau,32MP; F/2.4,128GB,,Dual nano-SIM,"ColorOS 11.3, nền tảng Android 11","Wifi 6, 2.4G/5G, 802.11 a/b/g/n/ac/ax",,,4300mAh; (Typ) Sạc siêu nhanh superVOOC 2.0 65W
https://cdn1.viettelstore.vn/Images/Product/ProductImage/1129130107.jpeg,4.490.000,OPPO A57,1800.8123,https://viettelstore.vn/dien-thoai/oppo-a57-pid290583.html,"LCD 720 x 1612 (HD+)  6.56 inch, màn hình giọt nước, Kính cường lực Panda MN228","Helio G35, tối đa 2.3GHz",4GB,13 MP (chính) + 2 MP (xóa phông),8 MP,64GB,Hỗ trợ thẻ nhớ tối đa 1TB,Có,"ColorOS 12.1, nền tảng Android 12","2.4G/5G, 802.11 a/b/g/n/ac",,,"5000mAh (Typ),Siêu sạc nhanh SUPERVOOC 33W"
https://cdn1.viettelstore.vn/Images/Product/ProductImage/14115368.jpeg,5.290.000,Xiaomi Redmi Note 10S 8/128GB,1800.8123,https://viettelstore.vn/dien-thoai/xiaomi-redmi-note-10s-pid197449.html,"6.43” AMOLED DotDisplay; FHD+ AMOLED,; Gam màu: DCI-P3; Độ sáng: 450 nits (typ), HBM 700 nits (typ), 1100 nits độ sáng cao nhất (typ); Độ phân giải: 2400 x 1080; Màn hình chứng nhận Ánh sáng xanh thấp bởi SGS; Corning Gorilla Glass 3 mặt trước","MediaTek Helio G95 ; 8 nhân CPU, xung nhịp tới 2.05GHz; Đồ họa Arm Mail-G76 MC4 GPU; LPDDR4X RAM; UFS 2.2 bộ nhớ tốc độ cao",8GB,"64MP Camera chính góc rộng; 1/1.97” kích thước cảm biến, 0.7μm; ƒ/1.79, 6 lớp thấu kính; 8MP  camera góc siêu rộng; 118° FOV; ƒ/2.2; 2MP macro camera, ƒ/2.4; 2MP đo chiều sâu, ƒ/2.4 ","13MP Camera Selfie, ƒ/2.45",128GB,,Dual SIM,MIUI 12.5 nền Android 11,,,,"Dung lượng pin lớn 5,000mAh (typ); 33W sac nhanh; 33W Củ sạc tặng kèm"
https://cdn1.viettelstore.vn/Images/Product/ProductImage/853104391.jpeg,6.490.000,Xiaomi Redmi Note 10 Pro 8/128GB,1800.8123,https://viettelstore.vn/dien-thoai/xiaomi-redmi-note-10-pro-pid182723.html,"6.67"" Màn hình đục lỗ AMOLED; Corning Gorilla® Glass® 5","Vi xử lý Qualcomm® Snapdragon™ 732G, tiến trình 8nm",8GB,108MP + 8MP (118°) + 5MP (Siêu cận cảnh) + 2MP (Chiều sâu),16MP,128GB,Bộ nhớ trong có thể mở rộng lên đến 512GB,"Hai SIM, dual 4G. ",MIUI 12 / Android 11,Bluetooth 5.1,,,"Dung lượng pin 5020mAh (typ), sạc nhanh 33W"
https://cdn1.viettelstore.vn/Images/Product/ProductImage/752656410.jpeg,2.690.000,Xiaomi Redmi 10A 2/32GB,1800.8123,https://viettelstore.vn/dien-thoai/xiaomi-redmi-10a-2-32gb-pid291063.html,"HD+ Dot drop display, 6.53"", Độ phân giải 1600x720","MediaTek Helio G25 08 nhân, tốc độ lên đến 2.0 GHz",2GB,"13MP camera chính, 2MP camera đo chiều sâu",5MP camera selfie,32GB,Hỗ trợ thẻ nhớ ngoài lên đến 1TB,Có,ANDROID,802.11 b/g/n 2.4GHz Wi-Fi,,,"Dung lượng Pin 5000mah, sạc nhanh 10w"
https://cdn1.viettelstore.vn/Images/Product/ProductImage/876530269.jpeg,2.390.000,Xiaomi Redmi 9A 2/32GB,1800.8123,https://viettelstore.vn/dien-thoai/xiaomi-redmi-9a-2-32gb-pid152135.html,"IPS LCD, 16 triệu màu, HD +, 1600 x 720 Pixels, 6.53 inchs, Corning Gorilla Glass 3","8 nhân A53 tốc độ lên tới 2.0Ghz, MediaTek Helio G25",2 GB,"13.0 MP, f2.2, HD 720p@60fps, FullHD 1080p@30fps, Chụp ảnh nâng cao: A.I camera, Tự động lấy nét, Xoá phông chân dung","5 MP, A.I camera, Làm đẹp, Xoá phông",32 GB,Micro SD tối đa 512 GB,"Nano SIM, 2 khe sim + 1 khe thẻ nhớ",Android 10.0,"802.11 a/b/g/n, Wi-Fi Direct, Wi-Fi hotspot, GPS: GPS, A-GPS, Glonass, Bluetooth: v5.0",,"HD 720p@60fps, FullHD 1080p@30fps","Li-Ion, 5000 mAh"
https://cdn1.viettelstore.vn/Images/Product/ProductImage/1916964505.jpeg,3.290.000,Xiaomi Redmi 9C 4/128GB,1800.8123,https://viettelstore.vn/dien-thoai/xiaomi-redmi-9c-4-128gb-pid288015.html,"IPS LCD, HD+ (720 x 1600 Pixels), 6.53"", Kính cường lực Corning Gorilla Glass 3","MediaTek Helio G35 8 nhân, 4 nhân 2.3 GHz & 4 nhân 1.8 GHz, PowerVR GE8320",4GB,"Chính 13 MP & Phụ 2 MP, 2 MP, Quay phim HD 720p@30fps, Quay phim FullHD 1080p@30fps, A.I Camera, Siêu cận (Macro), Xoá phông, Làm đẹp, Tự động lấy nét (AF), Chạm lấy nét, Nhận diện khuôn mặt, HDR, Chuyên nghiệp (Pro)","5 MP, Videocall: Có, Tự động lấy nét (AF), Quay video Full HD, Xoá phông, Flash màn hình, Quay video HD, Nhận diện khuôn mặt, Làm đẹp (Beautify)",128GB,"MicroSD, hỗ trợ tối đa 512 GB",SIM	2 Nano SIM,Android 10,"Wi-Fi 802.11 b/g/n, Wi-Fi Direct, Wi-Fi hotspot.",,"Quay phim HD 720p@30fps, Quay phim FullHD 1080p@30fps","Pin chuẩn Li-Ion,5000 mAh"
https://cdn1.viettelstore.vn/Images/Product/ProductImage/1368661753.jpeg,2.690.000,Xiaomi Redmi 9C 3/64GB,1800.8123,https://viettelstore.vn/dien-thoai/xiaomi-redmi-9c-3-64gb-pid153257.html,"IPS LCD, HD+ (720 x 1600 Pixels), 6.53"", Kính cường lực Corning Gorilla Glass 3","MediaTek Helio G35 8 nhân, 4 nhân 2.3 GHz & 4 nhân 1.8 GHz, PowerVR GE8320",3GB,"Chính 13 MP & Phụ 2 MP, 2 MP, Quay phim HD 720p@30fps, Quay phim FullHD 1080p@30fps, A.I Camera, Siêu cận (Macro), Xoá phông, Làm đẹp, Tự động lấy nét (AF), Chạm lấy nét, Nhận diện khuôn mặt, HDR, Chuyên nghiệp (Pro)","5 MP, Videocall: Có, Tự động lấy nét (AF), Quay video Full HD, Xoá phông, Flash màn hình, Quay video HD, Nhận diện khuôn mặt, Làm đẹp (Beautify)",64GB,"MicroSD, hỗ trợ tối đa 512 GB",SIM	2 Nano SIM,Android 10,"Wi-Fi 802.11 b/g/n, Wi-Fi Direct, Wi-Fi hotspot.",,"Quay phim HD 720p@30fps, Quay phim FullHD 1080p@30fps","Pin chuẩn Li-Ion,5000 mAh"
https://cdn1.viettelstore.vn/Images/Product/ProductImage/530538579.jpeg,4.790.000,Xiaomi Redmi Note 11 4/128GB XFF,1800.8123,https://viettelstore.vn/dien-thoai/xiaomi-redmi-note-11-4-128gb-xff-pid289287.html,"Amoled Full HD+; 2400x1080; 6.43""; 90hz; 1000 nit; Glass 3",Snapdragon 680; 2.4Ghz; Adreno 610,4GB,"50MP + 8MP + 2MP + 2MP; Full HD -60fps; Đèn Flash; HDR, góc rộng",13MP,128GB,,Nano 2 sim,ANDROID,Có,Không giới hạn tùy thuộc dung lượng bộ nhớ,Full HD -60fps,5000mah; Li-ion; Super charge 33W
https://cdn1.viettelstore.vn/Images/Product/ProductImage/1924359921.jpeg,4.190.000,Xiaomi Redmi Note 11 4/64GB,1800.8123,https://viettelstore.vn/dien-thoai/xiaomi-redmi-note-11-pid288909.html,"IPS LCD full HD+ 2400x1080; 6.43""; 90hz; 1000 nit; Glass 3",Snapdragon 680; 2.4Ghz; Adreno 610,4GB,"50MP + 8MP + 2MP + 2MP; Full HD -60fps; Đèn Flash; HDR, góc rộng",13MP,64GB,,Nano 2 sim,ANDROID,Có,Không giới hạn tùy thuộc dung lượng bộ nhớ,Full HD -60fps,5000mah; Li-ion; Super charge 33W
https://cdn1.viettelstore.vn/Images/Product/ProductImage/1102593843.jpeg,4.490.000,Xiaomi Redmi Note 11 4/128GB,1800.8123,https://viettelstore.vn/dien-thoai/xiaomi-redmi-note-11-4-128gb-pid289127.html,"Amoled Full HD+; 2400x1080; 6.43""; 90hz; 1000 nit; Glass 3",Snapdragon 680; 2.4Ghz; Adreno 610,4GB,"50MP + 8MP + 2MP + 2MP; Full HD -60fps; Đèn Flash; HDR, góc rộng",13MP,128GB,,Nano 2 sim,ANDROID,Có,Không giới hạn tùy thuộc dung lượng bộ nhớ,Full HD -60fps,5000mah; Li-ion; Super charge 33W
https://cdn1.viettelstore.vn/Images/Product/ProductImage/1550571885.jpeg,7.990.000,Xiaomi 11 Lite 5G NE 8/128GB,1800.8123,https://viettelstore.vn/dien-thoai/xiaomi-11-lite-5g-ne-8-128gb-pid288671.html," AMOLED,  Full HD+ (1080 x 2400 Pixels),  6.55"" - Tần số quét 90 Hz,  800 nits,  Kính cường lực Corning Gorilla Glass 5"," Snapdragon 778G 5G 8 nhân,  1 nhân 2.4 GHz, 3 nhân 2.2 GHz & 4 nhân 1.9 GHz,  Adreno 642L",8GB," Chính 64 MP & Phụ 8 MP, 5 MP;  4K 2160p@30fps,  FullHD 1080p@30fps,  FullHD 1080p@60fps,  HD 720p@30fps; Đèn Flash;  AI Camera,  Chạm lấy nét,  Góc rộng (Wide), Góc siêu rộng (Ultrawide),  HDR,  Làm đẹp,  Nhận diện khuôn mặt,  Siêu cận (Macro),  Toàn cảnh (Panorama) , Trôi nhanh thời gian (Time Lapse),  Tự động lấy nét (AF),  Xóa phông"," 20 MP,  HDR,  Làm đẹp,  Nhận diện khuôn mặt, Quay video Full HD,  Quay video HD,  Tự động lấy nét (AF),  Xóa phông; ",128GB," MicroSD, hỗ trợ tối đa 512 GB", 2 Nano SIM (SIM 2 chung khe thẻ nhớ), Android 11," Dual-band (2.4 GHz/5 GHz),  Wi-Fi 802.11 a/b/g/n/ac/ax,  Wi-Fi Direct,  Wi-Fi hotspot", Không giới hạn,"4K 2160p@30fps,  FullHD 1080p@30fps,  FullHD 1080p@60fps,  HD 720p@30fps;"," 4250 mAh, Li-Po, Hỗ trợ sạc tối đa  33 W,  Sạc pin nhanh"
https://cdn1.viettelstore.vn/Images/Product/ProductImage/1453041282.jpeg,13.490.000,Xiaomi 11T Pro 5G 12/256GB,1800.8123,https://viettelstore.vn/dien-thoai/xiaomi-11t-pro-5g-12-256gb-pid288313.html,AMOLED;  2400*1080;  6.67'';  120Hz;  1000 nits;  Corning Gorilla Glass Victus,"Qualcomm® Snapdragon™ 888;  CPU Kryo 680 có xung nhịp lên đến 2,84 GHz, được trang bị nhân siêu to ARM Cortex-X1; Qualcomm® Adreno™ 660",12GB,"108MP góc rộng +8MP góc siêu rộng+5MP chụp cận cảnh;  8K 7680x4320 ở tốc độ 30 fps; 4K 3840x2160 ở tốc độ 60 fps; 4K 3840x2160 ở tốc độ 30 fps; 1080p 1920x1080 ở tốc độ 60 fps; 1080p 1920x1080 ở tốc độ 30 fps 720p 1280x720 ở tốc độ 30 fps;  Hỗ trợ đèn flash; Chế độ ban đêm; Chế độ ban đêm AI; AI Erase 2.0; Chế độ Long Exposure (Phơi sáng lâu) có sáu hiệu ứng (Đám đông di chuyển, Neon trails, Tranh sơn dầu, Bức tranh ánh sáng, Bầu trời sao và Sao rơi; Photo Clones; Chế độ 108 MP; Chế độ tài liệu ",16MP ;  Chế độ selfie ban đêm; HDR Video; Làm đẹp ,256GB,,2 Nano Sim,"MIUI 12.5, Android 11",Wifi a/b/g/n/ac/ax 2.4Ghz + 5ghz,Không giới hạn,8K 7680x4320 ở tốc độ 30 fps; 4K 3840x2160 ở tốc độ 60 fps; 4K 3840x2160 ở tốc độ 30 fps; 1080p 1920x1080 ở tốc độ 60 fps; 1080p 1920x1080 ở tốc độ 30 fps; 720p 1280x720 ở tốc độ 30 fps,5000 mAh;  Li-po;  Sạc nhanh Xiaomi HyperCharge 120 W
https://cdn1.viettelstore.vn/Images/Product/ProductImage/1047689648.jpeg,9.490.000,Xiaomi 11T 5G 8/128GB,1800.8123,https://viettelstore.vn/dien-thoai/xiaomi-11t-5g-8-128gb-pid288312.html,AMOLED; 2400*1080; 6.67''; 120Hz; 1000 nits; Corning®️ Gorilla®️ Glass Victus™,Meida Tek Dimensity 1200-Ultra; Tốc độ tối đa 3.0 GHz; TBC,8GB,"108MP+8MP+5MP ; 4K 3840x2160 ở tốc độ 30 fps; 1080p 1920x1080 ở tốc độ 60 fps; 1080p 1920x1080 ở tốc độ 30 fps; 720p 1280x720 ở tốc độ 30 fps, Hỗ trợ đền flash; Audio zoom Một chạm AI camera Cinematic video filters HDR video Pro Time-lapse Chế độ Video pro",16MP ; Sellfie chế độ ban đêm,128GB,MicroSD 512G,2 nano SIM,"MIUI 12.5, Android 11",Wifi a/b/g/n/ac/ax 2.4Ghz + 5ghz,Không giới hạn,4K 3840x2160 ở tốc độ 30 fps; 1080p 1920x1080 ở tốc độ 60 fps; 1080p 1920x1080 ở tốc độ 30 fps; 720p 1280x720 ở tốc độ 30 fps,5000 mAh; Li-po; Sạc siêu nhanh 67W
https://cdn1.viettelstore.vn/Images/Product/ProductImage/1741990270.jpeg,17.990.000,Xiaomi 12 5G,1800.8123,https://viettelstore.vn/dien-thoai/xiaomi-12-5g-pid288910.html,"120Hz 6.28” AMOLED DotDisplay ,  FHHD+, 2400 x 1080,  DisplayMate A+, Tỉ lệ hiển thị: 20:9,  Dolby Vision® , hỗ trợ HDR 10+",Snapdragon® 8 Gen 1 trên tiến trình 4nm,8GB,"Camera chính 50MP, camera góc siêu rộng 13MP, camera tele 5MP","Camera selfie trong màn hình 32MP, 1.4μm 4-in-1 Siêu điểm ảnh, f/2.45, quay phim HDR10+, Chân dung AI, Selfie đêm",256GB,,Hai SIM 5G,MIUI 13 với Android 12,Wi-Fi 6 / Wi-Fi 6E5,,"Quay phim 8K, quay phim 4K HDR10+ ",4500mAh
https://cdn1.viettelstore.vn/Images/Product/ProductImage/224435350.jpeg,3.490.000,Xiaomi Redmi 10C 4/128GB,1800.8123,https://viettelstore.vn/dien-thoai/xiaomi-redmi-10c-pid289277.html,6.71” HD+ Dot Drop Display,Snapdragon 680; 2.4ghz,4GB,50MP + 2MP,5MP,128GB,Tối đa 1TB,Nano 2 sim,ANDROID,Có,Vô Hạn Nếu còn bộ nhớ,,5000mah; hỗ trợ sạc nhanh 18W
https://cdn1.viettelstore.vn/Images/Product/ProductImage/150244439.jpeg,6.990.000,Xiaomi Redmi Note 11 Pro,1800.8123,https://viettelstore.vn/dien-thoai/xiaomi-redmi-note-11-pro-pid288908.html,"OLED; 2400x1080; 6.67""; 120hz;  Glass 5",Mediatek G96; 2.05ghz; Mali G75,8GB,"108MP + 8MP + 2MP + 2MP; Full HD -60fps; Đèn Flash; HDR, góc rộng",16MP,128GB,Tối đa 256GB,Nano 2 sim,ANDROID,Có,Vô Hạn Nếu còn bộ nhớ,Full HD -60fps,5000mah; Li-ion; Super charge 67W
https://cdn1.viettelstore.vn/Images/Product/ProductImage/819262804.jpeg,7.990.000,Xiaomi Redmi Note 11 Pro 5G,1800.8123,https://viettelstore.vn/dien-thoai/xiaomi-redmi-note-11-pro-5g-pid289163.html,"OLED; 2400x1080; 6.67""; 120hz;  Glass 5",Snapdragon 695; 2.2ghz; Mali G75,8GB,"108MP + 8MP + 2MP;  Full HD -60fps; Đèn Flash; HDR, góc rộng",16MP,128GB,Tối đa 1TB,Nano 2 sim,ANDROID,Có,Vô Hạn Nếu còn bộ nhớ,Full HD -60fps,5000mah; Li-ion; Super charge 67W
https://cdn1.viettelstore.vn/Images/Product/ProductImage/615964716.jpeg,5.990.000,Xiaomi Redmi Note 11S,1800.8123,https://viettelstore.vn/dien-thoai/xiaomi-redmi-note-11s-pid289164.html,"OLED; 2400x1080; 6.43""; 90hz;  Glass 3",Mediatek G96; 2.05ghz; Mali G75,8 GB,"4 camera sau (Chính 108 MP & Phụ 8 MP, 2 MP, 2 MP); Full HD -60fps; Đèn Flash; HDR, góc rộng",16 MP,128 GB,Tối đa 256GB,"2 NanoSIM, Hỗ trợ 4G",Android 11,Có,Vô Hạn Nếu còn bộ nhớ,Full HD -60fps,"5000 mAh, sạc nhanh 33W"
https://cdn1.viettelstore.vn/Images/Product/ProductImage/1999901881.jpeg,27.990.000,Xiaomi 12 Pro,1800.8123,https://viettelstore.vn/dien-thoai/xiaomi-12-pro-pid289253.html,"120Hz 6.73” AMOLED DotDisplay,  WQHD+, 3200 x 1440, Tỉ lệ hiển thị: 20:9, Dolby Vision® , hỗ trợ HDR 10+,  DisplayMate A+",Snapdragon® 8 Gen 1 trên tiến trình 4nm,12GB,"Camera chính góc rộng 50MP, camera góc siêu rộng 50MP, camera tele 50MP","Camera Selfie trong màn hình 32MP, 1.4μm 4-in-1 Siêu điểm ảnh, f/2.45",256GB,,Hai SIM 5G,MIUI 13 với Android 12,Wi-Fi 6 / Wi-Fi 6E,,"Quay phim 8K,  Quay phim 4K HDR10+","4,600mAh"
https://cdn1.viettelstore.vn/Images/Product/ProductImage/701886232.jpeg,3.990.000,Xiaomi Redmi 10 5G 4/64GB,1800.8123,https://viettelstore.vn/dien-thoai/xiaomi-redmi-10-5g-4-64gb-pid289303.html,"Màn hình FHD+ Dot drop display; 2408x1080; 6.58""; 90hz; 1000 nit; Glass 3",MediaTek Dimensity 700; 2.2Ghz; ARM Mali-G57 MC2,4GB,Camera chính 50MP + 2MP ; Full HD -60fps; Đèn Flash;HDR; góc rộng,Camera phụ 5MP - f/2.2,64GB,,Dual SIM + MicroSD,, Wi-Fi Protocol: 802.11a/b/g/n/ac,Không giới hạn tùy thuộc dung lượng bộ nhớ,,5000mah; Li-ion; hỗ trợ sạc nhanh 18W
https://cdn1.viettelstore.vn/Images/Product/ProductImage/562123453.jpeg,4.790.000,Xiaomi Redmi 10 5G 6/128GB,1800.8123,https://viettelstore.vn/dien-thoai/xiaomi-redmi-10-5g-6-128gb-pid289304.html,"Màn hình FHD+ Dot drop display; 2408x1080; 6.58""; 90hz; 1000 nit; Glass 3",MediaTek Dimensity 700; 2.2Ghz; ARM Mali-G57 MC2,6GB,Camera chính 50MP + 2MP ; Full HD -60fps; Đèn Flash;HDR; góc rộng,Camera phụ 5MP - f/2.2,128GB,,Dual SIM + MicroSD,, Wi-Fi Protocol: 802.11a/b/g/n/ac,Không giới hạn tùy thuộc dung lượng bộ nhớ,,5000mah; Li-ion; hỗ trợ sạc nhanh 18W
https://cdn1.viettelstore.vn/Images/Product/ProductImage/1638275559.jpeg,7.490.000,Vivo V23e,1800.8123,https://viettelstore.vn/dien-thoai/vivo-v23e-pid288920.html,6.44 inch; 2400×1080 (FHD+); AMOLED; Cảm ứng điện dung đa diểm						,MediaTek Helio G96						,8GB,"64MP AF + 8MP (Góc siêu rộng) + 2MP (Siêu cận);  Camera chính f/1.79, Góc siêu rộng f/2.2, Siêu cận f/2.4""; Đèn Flash camera sau; Lấy Nét Theo Mắt, Chế Độ Siêu Chụp Đêm, Chế Độ Chụp Đêm Góc Siêu Rộng, Siêu Cận, Chân Dung Xóa Phông, Chân Dung Phong Cách, Chân Dung Bokeh Flare, 64MP, Live Photo, AR Sticker, Quay Chuyển Động Chậm, Quay Tua Nhanh Thời Gian, Video Hiển Thị Kép 3.0, Phơi Sáng Kép 2.0, DOC, Chụp Toàn Cảnh, Chuyên Nghiệp","50MP AF; Camera selfie f/2.0; Lấy Nét Tự Động AF, Chế Độ Selfie Siêu Chụp Đêm AI, Video Selfie Ổn Định Khuôn Mặt, Chân Dung Đa Phong Cách, Phơi Sáng Kép 2.0, Video Làm Đẹp, Video Hiển Thị Kép 3.0, Quay Chuyển Động Chậm, 50MP, Live Photo, AR Sticker",128GB,1 thẻ nhớ Micro SD						,1 Nano SIM + 1 Nano SIM /  2 SIM 2 sóng chờ (DSDS)						,Funtouch OS 12 (Tùy biến trên Android 11)						,"2.4GHz, 5GHz						",,,4050mAh (TYP); Sạc Siêu Tốc 44W (11V/4A)
https://cdn1.viettelstore.vn/Images/Product/ProductImage/129122751.jpeg,19.490.000,vivo X80,1800.8123,https://viettelstore.vn/dien-thoai/vivo-x80-pid289479.html,6.78'' Hỗ trợ tốc độ làm tươi lên đến 120Hz;  2400×1080 (FHD+); AMOLED; Cảm ứng điện dung đa điểm		,MediaTek Dimensity 9000		,12GB		,"50MP+12MP+12MP;  f/1.75（50MP）+f/1.98（12MP）+f/2.0（12MP); Đèn Flash camera sau; Chụp đêm, Chân dung, Chụp ảnh, Quay video, 50MP, Chụp toàn cảnh, Live Photo, Quay chuyển động chậm, Quay tua nhanh thời gian, Chuyên nghiệp, AR Stickers, DOC, Chụp ảnh nhóm, Phơi sáng kép, Video hiển thị kép",32MP; f/2.45（32MP),256GB		,,SIM - Nano Kép,Funtouch OS 12 （Dựa vào Android 12.0）		,"Wi-Fi 6, Wi-Fi 5, 2.4G/5G, Wi-Fi Display, 2×2 MIMO, MU MIMO		",,MP4		,4500mAh (TYP); 80W FlashCharge		
https://cdn1.viettelstore.vn/Images/Product/ProductImage/604428315.jpeg,3.790.000,Vivo Y21,1800.8123,https://viettelstore.vn/dien-thoai/vivo-y21-pid287708.html,6.51 inch; 1600*720 (HD+); LCD; Cảm ứng điện dung đa điểm				,Mediatek Helio P35				,4GB				,"13MP + 2MP; f/2.2 (13MP) + f/2.4 (2MP); Đèn Flash camera sau; Chụp Ảnh, Chân Dung (cơ bản), Quay Video, Chụp Toàn Cảnh, Live Photo, Quay Chuyển Động Chậm, Quay Tua Nhanh Thời Gian, Chuyên Nghiệp, DOC				","8MP; f/2.0 (8MP); Chụp Ảnh, Chân Dung (cơ bản), Quay Video, Chụp Toàn Cảnh, Live Photo, Quay Chuyển Động Chậm, Quay Tua Nhanh Thời Gian, Chuyên Nghiệp, DOC",64GB				,1 micro SD											,2 nano SIMs						,Funtouch OS 11.1 (Tùy biến trên Android 11)				,2.4GHz / 5GHz				,,,5000mAh (TYP); Sạc Siêu Tốc 18W; Polymer cao cấp						
https://cdn1.viettelstore.vn/Images/Product/ProductImage/653796863.jpeg,5.490.000,Vivo Y21s 6GB/128GB,1800.8123,https://viettelstore.vn/dien-thoai/vivo-y21s-6gb-128gb-pid287710.html,6.51 inch; 1600*720 (HD+); LCD; Cảm ứng điện dung đa điểm,Mediatek Helio G80,6GB,"50MP + 2MP + 2MP; f/1.8 (50MP) + f/2.4 (2MP) + f/2.4 (2MP); Đèn Flash camera sau; Chụp Đêm, Chân Dung, Chụp Ảnh, Quay Video, Chụp Toàn Cảnh, Live Photo, Quay Chuyển Động Chậm, Quay Tua Nhanh Thời Gian, Chuyên Nghiệp, DOC, 50MP",8MP; f/2.0 (8MP); Chụp Đêm,128GB,,Hai SIM hai sóng (DSDS),Funtouch OS 11.1 (Tùy biến trên Android 11),2.4GHz / 5GHz,,MP4,5000mAh (TYP); Sạc Siêu Tốc 18W
https://cdn1.viettelstore.vn/Images/Product/ProductImage/573130600.jpeg,4.990.000,Vivo Y21s 4GB/128GB,1800.8123,https://viettelstore.vn/dien-thoai/vivo-y21s-4gb-128gb-pid287709.html,6.51 inch; 1600*720 (HD+); LCD; Cảm ứng điện dung đa điểm				,Mediatek Helio G80				,4GB,"50MP + 2MP + 2MP; f/1.8 (50MP) + f/2.4 (2MP) + f/2.4 (2MP); Đèn Flash camera sau; Chụp Đêm, Chân Dung, Chụp Ảnh, Quay Video, Chụp Toàn Cảnh, Live Photo, Quay Chuyển Động Chậm, Quay Tua Nhanh Thời Gian, Chuyên Nghiệp, DOC, 50MP	",8MP; f/2.0 (8MP); Chụp Đêm,128GB	,,Hai SIM hai sóng (DSDS)				,Funtouch OS 11.1 (Tùy biến trên Android 11)				,2.4GHz / 5GHz				,,MP4				,5000mAh (TYP); Sạc Siêu Tốc 18W					
https://cdn1.viettelstore.vn/Images/Product/ProductImage/465712614.jpeg,3.090.000,Vivo Y15s,1800.8123,https://viettelstore.vn/dien-thoai/vivo-y15s-pid288885.html,6.51 inch; 1600*720 (HD+); LCD (IPS); Cảm ứng điện dung đa điểm			,MediaTek Helio P35; ,3GB			,"13MP+2MP; f/2.2 (13MP) + f/2.4 (2MP); Đèn Flash camera sau; Chụp Toàn Cảnh, Chế Độ Làm Đẹp, Chụp Ảnh, Quay Video, Live Photo, Quay Tua Nhanh Thời Gian, Chuyên Nghiệp, DOC			",Trước 8MP; f/2.0 (8MP) ,32GB			,,Hai SIM hai sóng (DSDS)			,Funtouch OS 11.1 (Tùy biến trên Android 11 (Go Edition))			,2.4GHz /5GHz			,,,5000mAh (TYP); 
https://cdn1.viettelstore.vn/Images/Product/ProductImage/1279258237.jpeg,6.690.000,Vivo Y33s,1800.8123,https://viettelstore.vn/dien-thoai/vivo-y33s-pid289031.html,6.58 inch; 2408×1080 (FHD+); LCD; Cảm ứng điện dung đa điểm				,MediaTek Helio G80,8GB,"50MP + 2MP + 2MP; f/1.8 (50MP) + f/2.4 (2MP) + f/2.4 (2MP); Đèn Flash camera sau; Chụp Đêm, Chân Dung Xóa Phông, Chụp Ảnh, Quay Video, Chụp Toàn Cảnh, Live Photo, Quay Chuyển Động Chậm, Quay Tua Nhanh Thời Gian, Chuyên Nghiệp, DOC, 50MP","16MP; f/2.0 (16MP), Chụp Đêm,",128GB,,Hai SIM hai sóng (DSDS)				,Funtouch OS 11.1 (Tuỳ biến trên Android 11)				,2.4GHz /5GHz				,,MP4				,"5000mAh (TYP); Polymer cao cấp, Sạc Siêu Tốc 18W						"
https://cdn1.viettelstore.vn/Images/Product/ProductImage/1541796821.jpeg,850.000,Nokia 110 4G,1800.8123,https://viettelstore.vn/dien-thoai/nokia-110-4g-pid199011.html,1.8” QQVGA,1.8” QQVGA,,QQVGA (0.08 MP),,128 + 48MB4,hỗ trợ thẻ nhớ ngoài MicroSD lên đến 32GB,Hai sim | Nano Sim + Nano Sim; chế độ chờ LTE + LTE,QQVGA (0.08 MP),,,,1020 mAh| Pin rời | BL-5C
https://cdn1.viettelstore.vn/Images/Product/ProductImage/81282925.jpeg,2.800.000,Nokia C30,1800.8123,https://viettelstore.vn/dien-thoai/nokia-c30-pid288216.html,Màn hình giọt nước 6.82” chuẩn HD+,"""SC9863A 8 nhân | 1.6GHz """,3GB,Camera sau : 13MP AF + 2MP FF Cảm biến độ sâu HDR | Chế độ làm đẹp,Camera trước: 5MP FF,32GB,Hỗ trợ thẻ nhớ ngoài lên đến 256GB,2 sim Nano + MicroSD,Android 11 (phiên bản Go) | 2 năm cập nhật bảo mật hàng quý,802.11 b/g/n,,,"6000 mAh | Pin liền, nắp lưng có thể tháo rời"
https://cdn1.viettelstore.vn/Images/Product/ProductImage/1018150470.jpeg,2.690.000,Nokia C21 Plus 3GB-32GB,1800.8123,https://viettelstore.vn/dien-thoai/nokia-c21-plus-3gb-32gb-pid289324.html,6.5”(6.517“) HD+ màn hình giọt nước | Tỉ lệ 20:9,SC9863A Octa-core với xung nhịp lên đến 1.6Ghz,3GB,"13 MP AF + 2 MP độ sâu trường ảnh với đèn Flash, HDR | Chế độ làm đẹp | Chế độ chụp toàn cảnh Panorama",5MP với đèn Flash,32GB,Hỗ trợ thẻ nhớ ngoài lên đến 256GB,Nano SIM + Nano SIM + Micro SD,Android 11 (Phiên bản Go),Wifi 802.11 b/g/n,,,5050 mAh4 | Pin liền; Sạc 5V/2A
https://cdn1.viettelstore.vn/Images/Product/ProductImage/99928139.jpeg,3.190.000,Nokia G10,1800.8123,https://viettelstore.vn/dien-thoai/nokia-g10-pid288976.html,6.5” HD+ | Thiết kế giọt nước | 20:9,Mediatek G25 8x A53 2.0GHz,4GB,13MP +2 MP Macro + 2 MP Depth | Đèn Flash; Chế độ chụp đêm | Chế độ chụp chân dung,8MP; Chế độ chụp đêm | Chế độ chụp chân dung,64GB,Hỗ trợ thẻ nhớ ngoài lên đến 512GB,Nano SIM + Nano SIM + Micro SD,Android 11 | 2 năm nâng cấp Hệ Điều Hành,802.11 b / g / n,,,5050 mAh | Pin liền
https://cdn1.viettelstore.vn/Images/Product/ProductImage/320654518.jpeg,490.000,Nokia 105 Dual Sim 2019,1800.8123,https://viettelstore.vn/dien-thoai/nokia-105-dual-sim-2019-pid139375.html,"1.77 inches, 9.7 cm2 (~16.6% diện tích mặt trước)",,,,,"4MB, 4 MB RAM",,Dual SIM (Mini-SIM),Symbian,,,,Li-Ion 800 mAh
https://cdn1.viettelstore.vn/Images/Product/ProductImage/491524616.png,480.000,Nokia 105 SS 2019,1800.8123,https://viettelstore.vn/dien-thoai/nokia-105-ss-2019-pid141352.html,"1.77 inches, 160x120 Pixels",,4MB,,,4MB,,Mini SIM,Nokia Series 30+,GSM 900/1800 (EU),,,800mAh
https://cdn1.viettelstore.vn/Images/Product/ProductImage/1423017940.jpeg,900.000,Nokia 215 4G,1800.8123,https://viettelstore.vn/dien-thoai/nokia-215-4g-pid162587.html,2.4” QVGA,Unisoc UMS9117,64MB,,,128MB,Thẻ nhớ MicroSD hỗ trợ lên tới 32GB,"Nano SIM + Nano SIM, LTE + LTE",Series 30+,,,,"1150mAh, có thể tháo rời"
https://cdn1.viettelstore.vn/Images/Product/ProductImage/1547874638.jpeg,3.890.000,Nokia G21,1800.8123,https://viettelstore.vn/dien-thoai/nokia-g21-pid289197.html,"6.5” HD+ 20:9 màn hình giọt nước, Tốc độ làm tươi màn hình 90Hz, Độ sáng 400 nits",Unisoc T606 (2xA75 and 6xA55 1.6G),4,50MP AF + 2MP Macro + 2MP FF Cảm biến độ sâu trường ảnh,8MP,128GB ,Hỗ trợ thẻ nhớ ngoài lên đến 512GB,SIM Nano SIM + Nano SIM hoặc Nano SIM + MicroSD,Android 11 (64bit),802.11 a/b/g/n/ac (hai băng tần 2.4Ghz/5Ghz) ,,,"5050 mah, Pin liền"
https://cdn1.viettelstore.vn/Images/Product/ProductImage/1567277975.jpeg,1.990.000,Nokia C20 2GB-16GB,1800.8123,https://viettelstore.vn/dien-thoai/nokia-c20-2gb-16gb-pid289224.html,Màn hình 6.5” chuẩn HD+ giọt nước| tỉ lệ 20:9,SC9863A 8 nhân | 1.6GHz,2 GB DDR3 DRAM,"5MP, f2.2 với đèn Flash HDR | Chế độ làm đẹp","5MP, f2.2 với đèn Flash",16 GB e-MMC 5.1,hỗ trợ thẻ nhớ ngoài 64GB,2 sim Nano + MicroSD,Android 11 (phiên bản Go) | 2 năm cập nhật bảo mật hàng quý,"802.11 b/g/n, BT 4.2, GPS/AGPS | Cảm biến ánh sáng xung quanh | Cảm biến tiệm cận| Gia tốc kế (cảm biến G)",,,"2950 mAh | pin rời, 5V1A"
https://cdn1.viettelstore.vn/Images/Product/ProductImage/1772499082.jpeg,1.990.000,Nokia C20,1800.8123,https://viettelstore.vn/dien-thoai/nokia-c20-pid195919.html,Màn hình 6.5” chuẩn HD+ giọt nước| tỉ lệ 20:9,SC9863A 8 nhân | 1.6GHz,2 GB DDR3 DRAM,"5MP, f2.2 với đèn Flash HDR | Chế độ làm đẹp","5MP, f2.2 với đèn Flash", 32 GB e-MMC 5.1,hỗ trợ thẻ nhớ ngoài 64GB,2 sim Nano + MicroSD,Android 11 (phiên bản Go) | 2 năm cập nhật bảo mật hàng quý,"802.11 b/g/n, BT 4.2, GPS/AGPS | Cảm biến ánh sáng xung quanh | Cảm biến tiệm cận| Gia tốc kế (cảm biến G)",,,"2950 mAh | pin rời, 5V1A"
https://cdn1.viettelstore.vn/Images/Product/ProductImage/93927131.jpeg,2.890.000,Nokia C21 Plus 3GB-64GB,1800.8123,https://viettelstore.vn/dien-thoai/nokia-c21-plus-3gb-64gb-pid289325.html,6.5”(6.517“) HD+ màn hình giọt nước | Tỉ lệ 20:9,SC9863A Octa-core với xung nhịp lên đến 1.6Ghz,3GB,"13 MP AF + 2 MP độ sâu trường ảnh với đèn Flash, HDR | Chế độ làm đẹp | Chế độ chụp toàn cảnh Panorama",5MP với đèn Flash,64GB,Hỗ trợ thẻ nhớ ngoài lên đến 256GB,Nano SIM + Nano SIM + Micro SD,Android 11 (Phiên bản Go),Wifi 802.11 b/g/n,,,5050 mAh4 | Pin liền; Sạc 5V/2A
https://cdn1.viettelstore.vn/Images/Product/ProductImage/2079401260.jpeg,28.990.000,Vivo X80 Pro,1800.8123,https://viettelstore.vn/dien-thoai/vivo-x80-pro-pid289481.html,6.78'' Hỗ trợ tốc độ làm tươi lên đến 120Hz; 3200×1440（WQHD+); AMOLED; Cảm ứng điện dung đa điểm	,Nền tảng di động Snapdragon 8 Gen 1	,12GB	,"50MP+48MP+12MP+8MP; 	Rear f/1.57（50MP）+f/2.2（48MP）+f/1.85（12MP）+f/3.4（8MP); Đèn Flash camera sau; Điểm ảnh cao, Chụp đêm, Chân dung, Chụp ảnh, Quay video, Chuyên nghiệp, Chụp toàn cảnh, Live Photo, Quay chuyển động chậm, Quay tua nhanh thời gian, AR stickers, Phim vi mô, Siêu trăng, Tài liệu Ultra HD, Chế độ Astro, Chế độ Thể thao chuyên nghiệp, Chụp phơi sáng, Phơi sáng kép, Video hiển thị kép, Chân dung nhóm AI	",32MP; Front f/2.45（32MP),256GB	,,SIM - Nano Kép			,Funtouch OS 12 (Dựa vào Android 12.0)	,"Wi-Fi 6, Wi-Fi 5, 2.4G/5G, Wi-Fi Display, 2×2 MIMO, MU MIMO	",,MP4	,"4700mAh (TYP); 80W FlashCharge, 50W Wireless FlashCharge	"
https://cdn1.viettelstore.vn/Images/Product/ProductImage/630416912.jpeg,30.990.000,Samsung Galaxy S21 Ultra 5G 12/128GB,1800.8123,https://viettelstore.vn/dien-thoai/samsung-galaxy-s21-ultra-5g-pid149240.html,"Dynamic AMOLED 2X; 2K+ (1440 x 3200 Pixels); 6.8""; Kính cường lực Corning Gorilla Glass Victus",Exynos 2100 8 nhân,12GB,"Chính 108 MP & Phụ 12 MP, 10 MP, 10 MP; 	FullHD 1080p@240fps, FullHD 1080p@60fps, FullHD 1080p@30fps, 4K 2160p@30fps, 4K 2160p@60fps, HD 720p@960fps, 8K 4320p@24fps; Đèn Flash; 	Góc siêu rộng (Ultrawide), Góc rộng (Wide), Zoom kỹ thuật số, Nhãn dán (AR Stickers), Chống rung điện tử kỹ thuật số (EIS), Lấy nét bằng laser, Quay Siêu chậm (Super Slow Motion), Lấy nét theo pha (PDAF), A.I Camera, Ban đêm (Night Mode), Trôi nhanh thời gian (Time Lapse), Quay chậm (Slow Motion), Xóa phông, Zoom quan","40 MP; Videocall Thông qua ứng dụng thứ 3; A.I Camera, HDR, Góc rộng (Wide), Tự động lấy nét (AF), Quay video Full HD, Làm đẹp, Nhận diện khuôn mặt, Flash màn hình, Nhãn dán (AR Stickers), Xóa phông, Quay phim 4K",128GB,,2 Nano SIM hoặc 1 Nano SIM + 1 eSIM,Android 11,"Wi-Fi 802.11 a/b/g/n/ac/ax, Wi-Fi hotspot, Dual-band (2.4 GHz/5 GHz), Wi-Fi Direct",,"FullHD 1080p@240fps, FullHD 1080p@60fps, FullHD 1080p@30fps, 4K 2160p@30fps, 4K 2160p@60fps, HD 720p@960fps, 8K 4320p@24fps","5000 mAh; Li-Ion; Sạc pin nhanh, Tiết kiệm pin, Siêu tiết kiệm pin, Sạc không dây, Sạc ngược không dây"
https://cdn1.viettelstore.vn/Images/Product/ProductImage/1177628765.jpeg,11.290.000,Samsung Galaxy S20 FE 256GB,1800.8123,https://viettelstore.vn/dien-thoai/samsung-galaxy-s20-fe-256gb-pid197421.html,"Super AMOLED; Full HD+ (1080 x 2400 Pixels); 6.5""; 120 Hz; Mặt kính cong 2.5D","Snapdragon 865 8 nhân; 1 nhân 2.84 GHz, 3 nhân 2.42 GHz & 4 nhân 1.8 GHz; Adreno 650",8GB,"Chính 12 MP & Phụ 12 MP, 8 MP; 4K 2160p@60fps, 4K 2160p@30fps, FullHD 1080p@30fps, FullHD 1080p@60fps; Đèn Flash; AI Camera; Ban đêm (Night Mode); Quay chậm (Slow Motion); Xóa phông; Zoom quang học; Chạm lấy nét; Toàn cảnh (Panorama); Chống rung quang học (OIS); Làm đẹp (Beautify); Tự động lấy nét (AF); Nhận diện khuôn mặt; HDR; Làm đẹp; Zoom kỹ thuật số; Góc rộng (Wide); Góc siêu rộng (Ultrawide)",32 MP; Xóa phông; Flash màn hình; Quay video HD; Nhận diện khuôn mặt; Làm đẹp; Quay video Full HD; Tự động lấy nét (AF),256GB,"MicroSD, hỗ trợ tối đa 1 TB",2 Nano SIM (SIM 2 chung khe thẻ nhớ),Android 11,Wi-Fi 802.11 a/b/g/n/ac/ax; Wi-Fi MIMO; Wi-Fi hotspot; Dual-band (2.4 GHz/5 GHz); Wi-Fi Direct,,"4K 2160p@60fps, 4K 2160p@30fps, FullHD 1080p@30fps, FullHD 1080p@60fps",4500 mAh; Li-Ion; Sạc ngược không dây; Sạc pin nhanh; Sạc không dây; Hỗ trợ sạc tối đa 25 W
https://cdn1.viettelstore.vn/Images/Product/ProductImage/1359768390.jpeg,5.690.000,Samsung Galaxy A32 4G,1800.8123,https://viettelstore.vn/dien-thoai/samsung-galaxy-a32-4g-pid183195.html,"Super AMOLED, Full HD+ (1080 x 2400 Pixels), 6.4"", Kính cường lực Corning Gorilla Glass 5",MediaTek Helio G80 8 nhân; 2 nhân 2.0 GHz & 6 nhân 1.8 GHz; Mali-G52 MC2,6 GB,"Chính 64 MP & Phụ 8 MP, 5MP, 5MP; F1.8 , F2.2 , F2.4 , F2.4; FullHD 1080p@120fps FullHD 1080p@30fps 4K 2160p@30fps; Đèn Flash, HDR Góc rộng (Wide), Góc siêu rộng (Ultrawide), Siêu cận (Macro), Lấy nét theo pha (PDAF), Xóa phông Toàn cảnh (Panorama)","20 MP; F2.2; Quay video Full HD, HDR",128 GB,MicroSD,2 Nano SIM (SIM 2 chung khe thẻ nhớ),Android 11,"802.11 a/b/g/n/ac 2.4+5GHz; GLONASS, A-GPS; Bluetooth v5.0; Cổng kết nối/sạc Type-C",, FullHD 1080p@120fps FullHD 1080p@30fps 4K 2160p@30fps,5000 mAh; Li-Ion; Sạc pin nhanh
https://cdn1.viettelstore.vn/Images/Product/ProductImage/1160889274.jpeg,8.290.000,Samsung Galaxy A52 8/128GB,1800.8123,https://viettelstore.vn/dien-thoai/samsung-galaxy-a52-pid183193.html,"Super AMOLED, Full HD+ (1080 x 2400 Pixels), 6.5"", 90 Hz, Kính cường lực","Snapdragon 720G 8 nhân, 2 nhân 2.3 Ghz & 6 nhân 1.8 Ghz",8GB,"Chính 64 MP & Phụ 12 MP, 5 MP, 5 MP; FullHD 1080p@30fps, HD 720p@240fps, 4K 2160p@30fps, Đèn Flash, 	Ban đêm (Night Mode), Quay chậm (Slow Motion), Xóa phông, Zoom quang học, Chạm lấy nét, Toàn cảnh (Panorama), Tự động lấy nét (AF), Nhận diện khuôn mặt, Làm đẹp, Siêu cận (Macro), Góc siêu rộng (Ultrawide)","32 MP, Xóa phông, Quay video HD, Nhận diện khuôn mặt, Làm đẹp, Quay video Full HD, Tự động lấy nét (AF)",128 GB,"MicroSD, hỗ trợ tối đa 1 TB",2 Nano SIM,Android 11,"Wi-Fi hotspot, Dual-band (2.4 GHz/5 GHz), Wi-Fi Direct, Wi-Fi 802.11 a/b/g/n/ac",,"FullHD 1080p@30fps, HD 720p@240fps, 4K 2160p@30fps","4500 mAh, Li-Ion, Sạc pin nhanh, Hỗ trợ sạc tối đa 25 W, Sạc kèm theo máy 15 W"
https://cdn1.viettelstore.vn/Images/Product/ProductImage/932720342.jpeg,4.790.000,Samsung Galaxy A22,1800.8123,https://viettelstore.vn/dien-thoai/samsung-galaxy-a22-pid198602.html,"Super AMOLED; 720 x 1600 (HD+); 6.4""; 90 Hz; 600 nits; Gorilla Glass 5",MediaTek MT6769V; 4 nhân 2.0 GHz & 4 nhân 1.8 GHz; Mali G52,6 GB,48 + 8 + 2 + 2 MP; Chống rung quang học OIS FHD (1920 x 1080)@30fps; Đèn flash kép; Chống rung quang học OIS; Siêu rộng 123 độ; Macro; Làm đẹp; AI Camera; Tự động lấy nét; Zoom quang học 30x; HDR; Chụp đêm; Chân dung xoá phông; Time Lapse; Slow motion; Chuyên nghiệp,13 MP; Làm đẹp; Xoá phông,128 GB,MicroSD 1TB,2 nano SIM + 1 thẻ nhớ riêng,Android 11,2.4 + 5 GHz; Wifi a/b/g/n/ac; Wifi Hotspot; Wifi Direct,,Chống rung quang học OIS; FHD (1920 x 1080)@30fps,5000 mAh; Li-po; Sạc nhanh 15 W
https://cdn1.viettelstore.vn/Images/Product/ProductImage/729186657.jpeg,33.990.000,Samsung Galaxy S22 Ultra 12/512GB,1800.8123,https://viettelstore.vn/dien-thoai/samsung-galaxy-s22-ultra-12-512gb-pid289149.html,"Màn hình 6.8” QHD+ 3088 x 1440, Dynamic AMOLED 2X; Kính cường lực Corning® Gorilla® Glass Victus+®",Chip Snapdragon® 8 Gen 1 (4nm),12GB,"Siêu rộng: 12MP F2.2 (Dual Pixel AF), Chính: 108MP F1.8 (PDAF) OIS; Tele 1: 10MP F2.4 (3X, Dual Pixel AF) OIS; Tele 2: 10MP F4.9 (10X, Dual Pixel AF) OIS; Thu phóng chuẩn không gian 100X",40MP F2.2 (PDAF),512GB,Không hỗ trợ,2 nano sim hoặc 1 nano sim và 1 esim,Android 12,"802.11 a/b/g/n/ac/ax 2.4G+5GHz+6GHz, HE160, MIMO, 1024-QAM",Không giới hạn,UHD 8K (7680 x 4320)@24fps,Pin 5000 mAh | Sạc siêu nhanh 45W (Củ sạc 45W được bán riêng); Sạc không dây 15W | Chia sẻ pin không dây
https://cdn1.viettelstore.vn/Images/Product/ProductImage/837717988.jpeg,24.490.000,Samsung Galaxy S22 Plus 8/256GB,1800.8123,https://viettelstore.vn/dien-thoai/samsung-galaxy-s22-plus-8-256gb-pid289147.html,"Màn hình 6.6” FHD+ 2340 x 1080, Dynamic AMOLED 2X; Kính cường lực Corning® Gorilla® Glass Victus+®",Chip Snapdragon® 8 Gen 1 (4nm),8GB,"Siêu rộng: 12MP F2.2 (FF), Chính: 50MP F1.8 (Dual Pixel AF) OIS; Tele: 10MP F2.4 (3X, PDAF) OIS; Thu phóng chuẩn không gian 30X",10MP F2.2 (Dual Pixel AF),256GB,Không hỗ trợ,2 nano sim hoặc 1 nano sim và 1 esim,Android 12,"802.11 a/b/g/n/ac/ax 2.4G+5GHz+6GHz, HE160, MIMO, 1024-QAM",Không giới hạn,UHD 8K (7680 x 4320)@24fps,Pin 4500 mAh | Sạc siêu nhanh 45W (Củ sạc 45W được bán riêng); Sạc không dây 15W | Chia sẻ pin không dây
https://cdn1.viettelstore.vn/Images/Product/ProductImage/610717822.jpeg,20.490.000,Samsung Galaxy S22 8/256GB,1800.8123,https://viettelstore.vn/dien-thoai/samsung-galaxy-s22-8-256gb-pid289146.html,Màn hình 6.1” FHD+; 2340 x 1080; Dynamic AMOLED 2X; Kính cường lực Corning® Gorilla® Glass Victus+® ,Chip Snapdragon® 8 Gen 1 (4nm),8GB,"Siêu rộng: 12MP F2.2 (FF), Chính: 50MP F1.8 (Dual Pixel AF) OIS; Tele: 10MP F2.4 (3X, PDAF) OIS; Thu phóng chuẩn không gian 30X",10MP F2.2 (Dual Pixel AF),256GB,Không hỗ trợ,2 nano sim hoặc 1 nano sim và 1 esim,Android 12,"802.11 a/b/g/n/ac/ax 2.4G+5GHz+6GHz, HE160, MIMO, 1024-QAM",Không giới hạn,UHD 8K (7680 x 4320)@24fps,Pin 3700 mAh | Sạc siêu nhanh 25W (Củ sạc 25W được bán riêng); Sạc không dây 15W | Chia sẻ pin không dây
https://cdn1.viettelstore.vn/Images/Product/ProductImage/1752402843.jpeg,19.990.000,Samsung Galaxy Z Flip3 5G 256GB,1800.8123,https://viettelstore.vn/dien-thoai/samsung-galaxy-z-flip3-5g-256gb-pid287703.html,"Màn hình chính: 6.7"" FHD+, Dynamix AMOLED 2X, 120Hz Màn hình phụ: 1.9"", Super AMOLED; Infinity-O Display",Qualcomm SM8350 Snapdragon 888 (5 nm); Octa-core ,8GB,"Chính (góc rộng): 12MP 2PD, OIS, F1.8; Siêu rộng: 12MP, F2.2, 123°; Quay video: 4K@30/60fps, 1080p@60/240fps, 720p@960fps, HDR10+; ",10MP f2.4,256GB,,1 physical SIM + eSIM,Android 11,,,"4K@30/60fps, 1080p@60/240fps, 720p@960fps, HDR10+",Li-Po 3300 mAh; Fast charging 15W Fast wireless charging 10W
https://cdn1.viettelstore.vn/Images/Product/ProductImage/1121544672.jpeg,31.990.000,Samsung Galaxy Z Fold3 5G 256GB,1800.8123,https://viettelstore.vn/dien-thoai/samsung-galaxy-z-fold3-5g-256gb-pid198038.html,"Màn hình chính: UDC, 7.6"""" QXGA+, Dynamic AMOLED 2X, 120Hz  Màn hình phụ: 6.2;  HD+, Dynamix AMOLED 2X, 120Hz; Infinity Display: Camera ẩn dưới màn hình",Qualcomm SM8350 Snapdragon 888 (5 nm); Octa-core ,12GB,"Chính (góc rộng): 12MP (2PD), F1.8, OIS; Siêu rộng: 12MP, F2.2, 123°; Bokeh/ Tele: 12MP, F2.4, OIS, 2x Zoom; Quay video	4K@60fps, 1080p@60/240fps (gyro-EIS), 720p@960fps (gyro-EIS), HDR10+; Other/Art/ Macro	Màn hình chính: UDC, 4MP, FF, F1.8","Màn hình phụ:  HID, 10MP, FF, F2.2",256GB,No,2 physical SIM + eSIM Spen (Main Screen only),Android 11,,,"4K@60fps, 1080p@60/240fps (gyro-EIS), 720p@960fps (gyro-EIS), HDR10+",Li-Po 4400 mAh; Fast charging 25W Fast wireless charging 10W 
https://cdn1.viettelstore.vn/Images/Product/ProductImage/943411239.jpeg,27.990.000,Samsung Galaxy S22 Ultra 8/128GB,1800.8123,https://viettelstore.vn/dien-thoai/samsung-galaxy-s22-ultra-pid288735.html,"Màn hình 6.8” QHD+ 3088 x 1440, Dynamic AMOLED 2X; Kính cường lực Corning® Gorilla® Glass Victus+®",Chip Snapdragon® 8 Gen 1 (4nm),8GB,"Siêu rộng: 12MP F2.2 (Dual Pixel AF), Chính: 108MP F1.8 (PDAF) OIS; Tele 1: 10MP F2.4 (3X, Dual Pixel AF) OIS; Tele 2: 10MP F4.9 (10X, Dual Pixel AF) OIS; Thu phóng chuẩn không gian 100X",40MP F2.2 (PDAF),128GB,Không hỗ trợ,2 nano sim hoặc 1 nano sim và 1 esim,Android 12,"802.11 a/b/g/n/ac/ax 2.4G+5GHz+6GHz, HE160, MIMO, 1024-QAM",Không giới hạn,UHD 8K (7680 x 4320)@24fps,Pin 5000 mAh | Sạc siêu nhanh 45W (Củ sạc 45W được bán riêng); Sạc không dây 15W | Chia sẻ pin không dây
https://cdn1.viettelstore.vn/Images/Product/ProductImage/644804536.jpeg,2.890.000,Samsung Galaxy A03,1800.8123,https://viettelstore.vn/dien-thoai/samsung-galaxy-a03-pid288918.html,"PLS LCD; 720 x 1600; 6.5""; 60 Hz; 400 nits; Mặt kính cong 2.5D",UNISOC T606; 8 nhân (2 nhân ARM A75 1.6GHz  & 6 nhân ARM A55 1.6GHz); ARM Mali G57,3GB,48 + 2 MP; 1080p@30fps;  LED flash; Chạm lấy nét; HDR; Nhận diện khuôn mặt; Toàn cảnh (Panorama); Xóa phông; Zoom kỹ thuật số,5 MP; Làm đẹp; Nhận diện khuôn mặt; Xóa phông,32GB,MicroSD lên đến 1TB,2 nano SIM + 1 thẻ nhớ riêng,Android 11,"Wi-Fi 802.11 b/g/n, Wi-Fi Direct, hotspot",Không giới hạn,1080p@30fps,5000 mAh; Li-po; Hỗ trợ sạc tối đa 7.75 W
https://cdn1.viettelstore.vn/Images/Product/ProductImage/640343928.jpeg,3.390.000,Samsung Galaxy A03s,1800.8123,https://viettelstore.vn/dien-thoai/samsung-galaxy-a03s-pid287354.html,"PLS TFT LCD; 720 x 1600 (HD+); 6.5""; 60Hz; 400 nits; Mặt kính cong 3D; 16 triệu màu",MediaTek MT6765; 4 nhân 2.3 GHz & 4 nhân 1.8 GHz; IMG PowerVR GE8320,4GB,"13 + 2 + 2 MP; FHD (1920 x 1080)@30fps; Đèn Flash; Chạm lấy nét Làm đẹp, Nhận diện khuôn mặt, Siêu cận (Macro), Tự động lấy nét (AF), Xóa phông, Zoom kỹ thuật số","5 MP; Làm đẹp, Nhận diện khuôn mặt, Tự động lấy nét (AF); Xoá phông",64GB,MicroSD 1TB,2 nano SIM + 1 thẻ nhớ riêng,Android 11,Wi-Fi 802.11 a/b/g/n Wi-Fi hotspot,Không giới hạn,,5000 mAh; Li-po; Tiết kiệm pin; Hỗ trợ sạc tối đa 7.75 W
https://cdn1.viettelstore.vn/Images/Product/ProductImage/1017565872.jpeg,4.190.000,Samsung Galaxy A13 4/128GB,1800.8123,https://viettelstore.vn/dien-thoai/samsung-galaxy-a13-pid289192.html,"IPS LCD, 6.6"" 1080 x 2408 Full HD+ ",Exynos 850  4 nhân 2.0GHz + 4 nhân 2.0GHz,4 GB,"Chính 50 MP & Phụ 5 MP, 2 MP, 2 MP, FHD@30fps, HD@12fps, Đèn Flash, Siêu rộng 123 độ Single take Xoá phông Macro Chế độ ban đêm (night mode) Panorama Slow-mo / Super slow-mo HDR Time Lapse","8 MP, Xoá phông Làm đẹp khuôn mặt",128 GB,MicroSD 1TB,"2 Nano SIM, Hỗ trợ 4G",Android 12,"802.11 a/b/g/n/ac 2.4G+5GHz, WiFi Direct",Không giới hạn,,5000 mAh15 W
https://cdn1.viettelstore.vn/Images/Product/ProductImage/554314152.jpeg,5.090.000,Samsung Galaxy A23 4/128GB,1800.8123,https://viettelstore.vn/dien-thoai/samsung-galaxy-a23-pid289193.html,"IPS LCD 6.6"" 90Hz Full HD+ ",Snapdragon 680 8 nhân,4 GB,"Chính 50 MP & Phụ 5 MP, 2 MP, 2 MP, FHD@30fps, HD@12fps, Đèn Flash, Chống rung quang học (OIS) Siêu rộng 123 độ Single take Xoá phông Macro Chế độ ban đêm (night mode) Panorama Slow-mo / Super slow-mo HDR Time Lapse","8 MP, Xoá phông Làm đẹp khuôn mặt", 128 GB,MicroSD 1TB,2 Nano SIMHỗ trợ 4G,Android 12,"802.11 a/b/g/n/ac 2.4G+5GHz, WiFi Direct",Không giới hạn,,5000 mAh25 W
https://cdn1.viettelstore.vn/Images/Product/ProductImage/177119936.jpeg,6.890.000,Samsung Galaxy A33 5G 6/128GB,1800.8123,https://viettelstore.vn/dien-thoai/samsung-galaxy-a33-5g-pid289194.html,"Super AMOLED; 1080 x 2400; 6.4""; 90Hz; 800 nits; Gorilla Glass 5",Exynos 1280; 8 nhân 2 nhân 2.4GHz & 6 nhân 28GHz; Mali-G68,6GB,"48+8+5+2 MP, Quay phim 4K@30fps; Đèn flash, Ban đêm (Night Mode), Bộ lọc màu, Chuyên nghiệp (Pro), Chạm lấy nét, Chống rung quang học (OIS), Góc rộng (Wide), Góc siêu rộng (Ultrawide), HDR, Làm đẹp, Lấy nét theo pha (PDAF), Nhận diện khuôn mặt, Quay chậm (Slow Motion), Quay Siêu chậm (Super Slow Motion), Siêu cận (Macro), Toàn cảnh (Panorama), Trôi nhanh thời gian (Time Lapse), Tự động lấy nét (AF), Xóa phông, Zoom kỹ thuật số","13MP; Bộ lọc màu, Chụp đêm (Night Mode), Góc rộng (Wide), HDR, Live Photo, Làm đẹp, Nhận diện khuôn mặt, Xóa phông",128GB,MicroSDXC 1TB,1 nano SIM + 1 SIM dùng chung khe thẻ nhớ,Android 12,2.4 + 5 GHz; Wifi a/b/g/n/ac; Wifi Hotspot; Wifi Direct,Không giới hạn,4K@30fps,5000 mAh; Li-Po; Sạc siêu nhanh; Hỗ trợ sạc tối đa 25W
https://cdn1.viettelstore.vn/Images/Product/ProductImage/2055015872.jpeg,10.490.000,Samsung Galaxy A73 5G 8/128GB,1800.8123,https://viettelstore.vn/dien-thoai/samsung-galaxy-a73-5g-pid289196.html,"Super AMOLED Plus; 1080 x 2400; 6.7""; 120Hz; 800 nits; Gorilla Glass 5",Snapdragon 778G 5G;  4 nha6n 2.4GHz & 4 nha6n 1.8GHz; Adreno 642L,8GB,"108+12+5+5MP; Quay phim 4K@30fps; Đèn Flash; Ban đêm (Night Mode), Bộ lọc màu, Chuyên nghiệp (Pro), Chạm lấy nét, Chống rung quang học (OIS), Góc rộng (Wide), Góc siêu rộng (Ultrawide), HDR, Làm đẹp, Lấy nét theo pha (PDAF), Nhận diện khuôn mặt, Quay chậm (Slow Motion), Quay Siêu chậm (Super Slow Motion), Siêu cận (Macro), Toàn cảnh (Panorama), Trôi nhanh thời gian (Time Lapse), Tự động lấy nét (AF), Xóa phông,  Zoom kỹ thuật số, Làm nét ảnh (Remaster), Xóa đối tượng (Object Eraser)","32MP, Bộ lọc màu, Chụp đêm (Night Mode), Góc rộng (Wide), HDR, Live Photo, Làm đẹp, Nhận diện khuôn mặt, Xóa phông",128GB,MicroSDXC 1TB,1 nano SIM + 1 SIM dùng chung khe thẻ nhớ,Android 12,2.4 + 5 GHz  Wifi a/b/g/n/ac  Wifi Hotspot  Wifi Direct,Không giới hạn,4K@30fps,"5000 mAh; Li-Po, Sạc siêu nhanh, Hỗ trợ sạc tối đa 25W"
https://cdn1.viettelstore.vn/Images/Product/ProductImage/1799791919.jpeg,18.990.000,Samsung Galaxy S22 8/128GB,1800.8123,https://viettelstore.vn/dien-thoai/samsung-galaxy-s22-pid288733.html,Màn hình 6.1” FHD+; 2340 x 1080; Dynamic AMOLED 2X; Kính cường lực Corning® Gorilla® Glass Victus+® ,Chip Snapdragon® 8 Gen 1 (4nm),8GB,"Siêu rộng: 12MP F2.2 (FF), Chính: 50MP F1.8 (Dual Pixel AF) OIS; Tele: 10MP F2.4 (3X, PDAF) OIS; Thu phóng chuẩn không gian 30X",10MP F2.2 (Dual Pixel AF),128GB,Không hỗ trợ,2 nano sim hoặc 1 nano sim và 1 esim,Android 12,"802.11 a/b/g/n/ac/ax 2.4G+5GHz+6GHz, HE160, MIMO, 1024-QAM",Không giới hạn,UHD 8K (7680 x 4320)@24fps,Pin 3700 mAh | Sạc siêu nhanh 25W (Củ sạc 25W được bán riêng); Sạc không dây 15W | Chia sẻ pin không dây
